From;To;Source
cs+class://System/Web/Razor/Parser/SyntaxTree/AutoCompleteEditHandler;cs+class://System/Web/Razor/Editor/SpanEditHandler;(not implemented)
cs+class://System/Web/Razor/Editor/SingleLineMarkupEditHandler;cs+class://System/Web/Razor/Editor/SpanEditHandler;(not implemented)
cs+class://System/Web/Razor/Editor/ImplicitExpressionEditHandler;cs+class://System/Web/Razor/Editor/SpanEditHandler;(not implemented)
cs+class://System/Web/Razor/Parser/ConditionalAttributeCollapser;cs+class://System/Web/Razor/Parser/MarkupRewriter;(not implemented)
cs+class://System/Web/Razor/Parser/MarkupCollapser;cs+class://System/Web/Razor/Parser/MarkupRewriter;(not implemented)
cs+class://System/Web/Razor/Parser/WhiteSpaceRewriter;cs+class://System/Web/Razor/Parser/MarkupRewriter;(not implemented)
cs+class://System/Web/Razor/GeneratorResults;cs+class://System/Web/Razor/ParserResults;(not implemented)
cs+class://System/Web/Razor/Tokenizer/CSharpTokenizer;cs+class://System/Web/Razor/Tokenizer/Tokenizer[2];(not implemented)
cs+class://System/Web/Razor/Tokenizer/HtmlTokenizer;cs+class://System/Web/Razor/Tokenizer/Tokenizer[2];(not implemented)
cs+class://System/Web/Razor/Tokenizer/Symbols/VBSymbol;cs+class://System/Web/Razor/Tokenizer/Symbols/SymbolBase[1];(not implemented)
cs+class://System/Web/Razor/Tokenizer/Symbols/CSharpSymbol;cs+class://System/Web/Razor/Tokenizer/Symbols/SymbolBase[1];(not implemented)
cs+class://System/Web/Razor/Tokenizer/Symbols/HtmlSymbol;cs+class://System/Web/Razor/Tokenizer/Symbols/SymbolBase[1];(not implemented)
cs+class://System/Web/Razor/Tokenizer/VBTokenizer;cs+class://System/Web/Razor/Tokenizer/Tokenizer[2];(not implemented)
cs+class://System/Web/Razor/Generator/CSharpRazorCodeGenerator;cs+class://System/Web/Razor/Generator/RazorCodeGenerator;(not implemented)
cs+class://System/Web/Razor/Generator/VBRazorCodeGenerator;cs+class://System/Web/Razor/Generator/RazorCodeGenerator;(not implemented)
cs+class://System/Collections/ObjectModel/ListWrapperCollection[1];cs+class://System/Collections/ObjectModel/Collection[1];(not implemented)
cs+class://System/Web/WebPages/BrowserHelpers/UserAgentWorkerRequest;cs+class://System/Web/Hosting/SimpleWorkerRequest;(not implemented)
cs+class://System/Web/WebPages/HtmlAttributePropertyHelper;cs+class://System/Web/WebPages/PropertyHelper;(not implemented)
cs+class://System/Web/WebPages/CompareValidator;cs+class://System/Web/WebPages/RequestFieldValidatorBase;(not implemented)
cs+class://System/Web/WebPages/DataTypeValidator;cs+class://System/Web/WebPages/RequestFieldValidatorBase;(not implemented)
cs+class://System/Web/WebPages/ValidationAttributeAdapter;cs+class://System/Web/WebPages/RequestFieldValidatorBase;(not implemented)
cs+class://System/Web/Mvc/HttpAntiForgeryException;cs+class://System/Web/HttpException;(not implemented)
cs+class://System/Web/WebPages/Scope/ApplicationScopeStorageDictionary;cs+class://System/Web/WebPages/Scope/ScopeStorageDictionary;(not implemented)
cs+class://System/Web/Helpers/HtmlObjectPrinter;cs+class://System/Web/Helpers/ObjectVisitor;(not implemented)
cs+class://System/Web/Helpers/ObjectVisitor/ObjectVisitorException;cs+class://System/Exception;(not implemented)
cs+class://System/Web/Helpers/WebImage/WatermarkImageTransformation;cs+class://System/Web/Helpers/WebImage/WatermarkTransformation;(not implemented)
cs+class://System/Web/Helpers/WebImage/WatermarkTextTransformation;cs+class://System/Web/Helpers/WebImage/WatermarkTransformation;(not implemented)
cs+class://System/Web/WebPages/Razor/WebCodeRazorHost;cs+class://System/Web/WebPages/Razor/WebPageRazorHost;(not implemented)
cs+class://WebMatrix/Data/DynamicRecord/DynamicPropertyDescriptor;cs+class://System/ComponentModel/PropertyDescriptor;(not implemented)
cs+class://System/Web/WebPages/Administration/PackageManager/WebProjectSystem;cs+class://NuGet/PhysicalFileSystem;(not implemented)
cs+class://System/Web/WebPages/Administration/PackageManager/WebPackageSource;cs+class://NuGet/PackageSource;(not implemented)
cs+class://System/Web/Mvc/Routing/Constraints/AlphaRouteConstraint;cs+class://System/Web/Mvc/Routing/Constraints/RegexRouteConstraint;(not implemented)
cs+class://System/Web/Mvc/JQueryFormValueProvider;cs+class://System/Web/Mvc/NameValueCollectionValueProvider;(not implemented)
cs+class://System/Web/Mvc/MaxLengthAttributeAdapter;cs+class://System/Web/Mvc/DataAnnotationsModelValidator[1];(not implemented)
cs+class://System/Web/Mvc/MinLengthAttributeAdapter;cs+class://System/Web/Mvc/DataAnnotationsModelValidator[1];(not implemented)
cs+class://System/Web/Mvc/Routing/LinkGenerationRoute;cs+class://System/Web/Routing/Route;(not implemented)
cs+class://System/Web/Mvc/Filters/AuthenticationChallengeContext;cs+class://System/Web/Mvc/ControllerContext;(not implemented)
cs+class://System/Web/Mvc/Filters/AuthenticationContext;cs+class://System/Web/Mvc/ControllerContext;(not implemented)
cs+class://System/Web/Mvc/CachedDataAnnotationsModelMetadata;cs+class://System/Web/Mvc/CachedModelMetadata[1];(not implemented)
cs+class://System/Web/Mvc/CachedModelMetadata[1];cs+class://System/Web/Mvc/ModelMetadata;(not implemented)
cs+class://System/Web/Mvc/CompareAttributeAdapter;cs+class://System/Web/Mvc/DataAnnotationsModelValidator[1];(not implemented)
cs+class://System/Web/Mvc/CompareAttributeAdapter/CompareAttributeWrapper;cs+class://System/ComponentModel/DataAnnotations/CompareAttribute;(not implemented)
cs+class://System/Web/Mvc/DataTypeAttributeAdapter;cs+class://System/Web/Mvc/DataAnnotationsModelValidator;(not implemented)
cs+class://System/Web/Mvc/FileExtensionsAttributeAdapter;cs+class://System/Web/Mvc/DataAnnotationsModelValidator[1];(not implemented)
cs+class://System/Web/Mvc/MembershipPasswordAttributeAdapter;cs+class://System/Web/Mvc/DataAnnotationsModelValidator[1];(not implemented)
cs+class://System/Web/Mvc/CompareAttribute;cs+class://System/ComponentModel/DataAnnotations/ValidationAttribute;(not implemented)
cs+class://System/Web/Mvc/ChildActionValueProvider;cs+class://System/Web/Mvc/DictionaryValueProvider[1];(not implemented)
cs+class://System/Web/Mvc/Razor/MvcCSharpRazorCodeGenerator;cs+class://System/Web/Razor/Generator/CSharpRazorCodeGenerator;(not implemented)
cs+class://System/Web/Mvc/Razor/SetModelTypeCodeGenerator;cs+class://System/Web/Razor/Generator/SetBaseTypeCodeGenerator;(not implemented)
cs+class://System/Web/Mvc/ExpressionUtil/BinaryExpressionFingerprint;cs+class://System/Web/Mvc/ExpressionUtil/ExpressionFingerprint;(not implemented)
cs+class://System/Web/Mvc/ExpressionUtil/ConditionalExpressionFingerprint;cs+class://System/Web/Mvc/ExpressionUtil/ExpressionFingerprint;(not implemented)
cs+class://System/Web/Mvc/ExpressionUtil/ConstantExpressionFingerprint;cs+class://System/Web/Mvc/ExpressionUtil/ExpressionFingerprint;(not implemented)
cs+class://System/Web/Mvc/ExpressionUtil/DefaultExpressionFingerprint;cs+class://System/Web/Mvc/ExpressionUtil/ExpressionFingerprint;(not implemented)
cs+class://System/Web/Mvc/ExpressionUtil/IndexExpressionFingerprint;cs+class://System/Web/Mvc/ExpressionUtil/ExpressionFingerprint;(not implemented)
cs+class://System/Web/Mvc/ExpressionUtil/LambdaExpressionFingerprint;cs+class://System/Web/Mvc/ExpressionUtil/ExpressionFingerprint;(not implemented)
cs+class://System/Web/Mvc/ExpressionUtil/MemberExpressionFingerprint;cs+class://System/Web/Mvc/ExpressionUtil/ExpressionFingerprint;(not implemented)
cs+class://System/Web/Mvc/ExpressionUtil/MethodCallExpressionFingerprint;cs+class://System/Web/Mvc/ExpressionUtil/ExpressionFingerprint;(not implemented)
cs+class://System/Web/Mvc/ExpressionUtil/ParameterExpressionFingerprint;cs+class://System/Web/Mvc/ExpressionUtil/ExpressionFingerprint;(not implemented)
cs+class://System/Web/Mvc/ExpressionUtil/TypeBinaryExpressionFingerprint;cs+class://System/Web/Mvc/ExpressionUtil/ExpressionFingerprint;(not implemented)
cs+class://System/Web/Mvc/ExpressionUtil/UnaryExpressionFingerprint;cs+class://System/Web/Mvc/ExpressionUtil/ExpressionFingerprint;(not implemented)
cs+class://System/Web/Mvc/RazorView;cs+class://System/Web/Mvc/BuildManagerCompiledView;(not implemented)
cs+class://System/Web/Mvc/RazorViewEngine;cs+class://System/Web/Mvc/BuildManagerViewEngine;(not implemented)
cs+class://System/Web/Mvc/FilterProviderCollection;cs+class://System/Collections/ObjectModel/Collection[1];(not implemented)
cs+class://System/Web/Mvc/ModelBinderProviderCollection;cs+class://System/Collections/ObjectModel/Collection[1];(not implemented)
cs+class://System/Web/Mvc/Razor/MvcWebPageRazorHost;cs+class://System/Web/WebPages/Razor/WebPageRazorHost;(not implemented)
cs+class://System/Web/Mvc/RemoteAttribute;cs+class://System/ComponentModel/DataAnnotations/ValidationAttribute;(not implemented)
cs+class://System/Web/Mvc/HttpNotFoundResult;cs+class://System/Web/Mvc/HttpStatusCodeResult;(not implemented)
cs+class://System/Web/Mvc/ActionExecutedContext;cs+class://System/Web/Mvc/ControllerContext;(not implemented)
cs+class://System/Web/Mvc/ActionExecutingContext;cs+class://System/Web/Mvc/ControllerContext;(not implemented)
cs+class://System/Web/Mvc/ClientDataTypeModelValidatorProvider/ClientModelValidator;cs+class://System/Web/Mvc/ModelValidator;(not implemented)
cs+class://System/Web/Mvc/ClientDataTypeModelValidatorProvider/DateModelValidator;cs+class://System/Web/Mvc/ClientDataTypeModelValidatorProvider/ClientModelValidator;(not implemented)
cs+class://System/Web/Mvc/ClientDataTypeModelValidatorProvider/NumericModelValidator;cs+class://System/Web/Mvc/ClientDataTypeModelValidatorProvider/ClientModelValidator;(not implemented)
cs+class://System/Web/Mvc/Async/SynchronousOperationException;cs+class://System/Web/HttpException;(not implemented)
cs+class://System/Web/Mvc/Async/AsyncResultWrapper/WrappedAsyncResult[1];cs+class://System/Web/Mvc/Async/AsyncResultWrapper/WrappedAsyncResultBase[1];(not implemented)
cs+class://System/Web/Mvc/Async/AsyncResultWrapper/WrappedAsyncResult[2];cs+class://System/Web/Mvc/Async/AsyncResultWrapper/WrappedAsyncResultBase[1];(not implemented)
cs+class://System/Web/Mvc/Async/AsyncResultWrapper/WrappedAsyncVoid[1];cs+class://System/Web/Mvc/Async/AsyncResultWrapper/WrappedAsyncResultBase[1];(not implemented)
cs+class://System/Web/Mvc/FormValueProvider;cs+class://System/Web/Mvc/NameValueCollectionValueProvider;(not implemented)
cs+class://System/Web/Mvc/HttpFileCollectionValueProvider;cs+class://System/Web/Mvc/DictionaryValueProvider[1];(not implemented)
cs+class://System/Web/Mvc/QueryStringValueProvider;cs+class://System/Web/Mvc/NameValueCollectionValueProvider;(not implemented)
cs+class://System/Web/Mvc/RangeAttributeAdapter;cs+class://System/Web/Mvc/DataAnnotationsModelValidator[1];(not implemented)
cs+class://System/Web/Mvc/RegularExpressionAttributeAdapter;cs+class://System/Web/Mvc/DataAnnotationsModelValidator[1];(not implemented)
cs+class://System/Web/Mvc/RequiredAttributeAdapter;cs+class://System/Web/Mvc/DataAnnotationsModelValidator[1];(not implemented)
cs+class://System/Web/Mvc/RouteDataValueProvider;cs+class://System/Web/Mvc/DictionaryValueProvider[1];(not implemented)
cs+class://System/Web/Mvc/StringLengthAttributeAdapter;cs+class://System/Web/Mvc/DataAnnotationsModelValidator[1];(not implemented)
cs+class://System/Web/Mvc/NoAsyncTimeoutAttribute;cs+class://System/Web/Mvc/AsyncTimeoutAttribute;(not implemented)
cs+class://System/Web/Mvc/AuthorizationContext;cs+class://System/Web/Mvc/ControllerContext;(not implemented)
cs+class://System/Web/Mvc/Html/ChildActionExtensions/ChildActionMvcHandler;cs+class://System/Web/Mvc/MvcHandler;(not implemented)
cs+class://System/Web/Mvc/HttpHandlerUtil/ServerExecuteHttpHandlerAsyncWrapper;cs+class://System/Web/Mvc/HttpHandlerUtil/ServerExecuteHttpHandlerWrapper;(not implemented)
cs+class://System/Web/Mvc/ValidatableObjectAdapter;cs+class://System/Web/Mvc/ModelValidator;(not implemented)
cs+class://System/Web/Mvc/ValueProviderFactoryCollection;cs+class://System/Collections/ObjectModel/Collection[1];(not implemented)
cs+class://System/Web/Mvc/ValueProviderCollection;cs+class://System/Collections/ObjectModel/Collection[1];(not implemented)
cs+class://System/Web/Mvc/DataErrorInfoModelValidatorProvider/DataErrorInfoClassModelValidator;cs+class://System/Web/Mvc/ModelValidator;(not implemented)
cs+class://System/Web/Mvc/DataErrorInfoModelValidatorProvider/DataErrorInfoPropertyModelValidator;cs+class://System/Web/Mvc/ModelValidator;(not implemented)
cs+class://System/Web/Mvc/ModelValidatorProviderCollection;cs+class://System/Collections/ObjectModel/Collection[1];(not implemented)
cs+class://System/Web/Mvc/DataAnnotationsModelMetadata;cs+class://System/Web/Mvc/ModelMetadata;(not implemented)
cs+class://System/Web/Mvc/MvcHtmlString;cs+class://System/Web/HtmlString;(not implemented)
cs+class://System/Web/Mvc/DataAnnotationsModelValidator;cs+class://System/Web/Mvc/ModelValidator;(not implemented)
cs+class://System/Web/Mvc/DataAnnotationsModelValidator[1];cs+class://System/Web/Mvc/DataAnnotationsModelValidator;(not implemented)
cs+class://System/Web/Mvc/ModelValidator/CompositeModelValidator;cs+class://System/Web/Mvc/ModelValidator;(not implemented)
cs+class://System/Web/Mvc/ExceptionContext;cs+class://System/Web/Mvc/ControllerContext;(not implemented)
cs+class://System/Web/Mvc/ResultExecutedContext;cs+class://System/Web/Mvc/ControllerContext;(not implemented)
cs+class://System/Web/Mvc/ResultExecutingContext;cs+class://System/Web/Mvc/ControllerContext;(not implemented)
cs+class://System/Web/Mvc/AjaxHelper[1];cs+class://System/Web/Mvc/AjaxHelper;(not implemented)
cs+class://System/Web/Mvc/HtmlHelper[1];cs+class://System/Web/Mvc/HtmlHelper;(not implemented)
cs+class://System/Web/Mvc/ViewContext;cs+class://System/Web/Mvc/ControllerContext;(not implemented)
cs+class://System/Web/Mvc/FileContentResult;cs+class://System/Web/Mvc/FileResult;(not implemented)
cs+class://System/Web/Mvc/FilePathResult;cs+class://System/Web/Mvc/FileResult;(not implemented)
cs+class://System/Web/Mvc/FileStreamResult;cs+class://System/Web/Mvc/FileResult;(not implemented)
cs+class://System/Web/Mvc/HttpUnauthorizedResult;cs+class://System/Web/Mvc/HttpStatusCodeResult;(not implemented)
cs+class://System/Web/Mvc/ViewDataDictionary[1];cs+class://System/Web/Mvc/ViewDataDictionary;(not implemented)
cs+class://System/Web/Mvc/RouteCollectionExtensions/IgnoreRouteInternal;cs+class://System/Web/Routing/Route;(not implemented)
cs+class://System/Web/Mvc/SelectList;cs+class://System/Web/Mvc/MultiSelectList;(not implemented)
cs+class://System/Web/Mvc/ViewEngineCollection;cs+class://System/Collections/ObjectModel/Collection[1];(not implemented)
cs+class://System/Web/Mvc/ViewPage/SwitchWriter;cs+class://System/IO/TextWriter;(not implemented)
cs+class://System/Web/Mvc/VirtualPathProviderViewEngine/AreaAwareViewLocation;cs+class://System/Web/Mvc/VirtualPathProviderViewEngine/ViewLocation;(not implemented)
cs+class://System/Web/Mvc/WebFormView;cs+class://System/Web/Mvc/BuildManagerCompiledView;(not implemented)
cs+class://System/Web/Mvc/WebFormViewEngine;cs+class://System/Web/Mvc/BuildManagerViewEngine;(not implemented)
cs+class://Microsoft/Web/Mvc/AcceptAttribute;cs+class://System/ComponentModel/DataAnnotations/DataTypeAttribute;(not implemented)
cs+class://Microsoft/Web/Mvc/CreditCardAttribute;cs+class://System/ComponentModel/DataAnnotations/DataTypeAttribute;(not implemented)
cs+class://Microsoft/Web/Mvc/EmailAddressAttribute;cs+class://System/ComponentModel/DataAnnotations/DataTypeAttribute;(not implemented)
cs+class://Microsoft/Web/Mvc/FileExtensionsAttribute;cs+class://System/ComponentModel/DataAnnotations/DataTypeAttribute;(not implemented)
cs+class://Microsoft/Web/Mvc/ExpressionUtil/BinaryExpressionFingerprint;cs+class://Microsoft/Web/Mvc/ExpressionUtil/ExpressionFingerprint;(not implemented)
cs+class://Microsoft/Web/Mvc/ExpressionUtil/ConditionalExpressionFingerprint;cs+class://Microsoft/Web/Mvc/ExpressionUtil/ExpressionFingerprint;(not implemented)
cs+class://Microsoft/Web/Mvc/ExpressionUtil/ConstantExpressionFingerprint;cs+class://Microsoft/Web/Mvc/ExpressionUtil/ExpressionFingerprint;(not implemented)
cs+class://Microsoft/Web/Mvc/ExpressionUtil/DefaultExpressionFingerprint;cs+class://Microsoft/Web/Mvc/ExpressionUtil/ExpressionFingerprint;(not implemented)
cs+class://Microsoft/Web/Mvc/ExpressionUtil/IndexExpressionFingerprint;cs+class://Microsoft/Web/Mvc/ExpressionUtil/ExpressionFingerprint;(not implemented)
cs+class://Microsoft/Web/Mvc/ExpressionUtil/LambdaExpressionFingerprint;cs+class://Microsoft/Web/Mvc/ExpressionUtil/ExpressionFingerprint;(not implemented)
cs+class://Microsoft/Web/Mvc/ExpressionUtil/MemberExpressionFingerprint;cs+class://Microsoft/Web/Mvc/ExpressionUtil/ExpressionFingerprint;(not implemented)
cs+class://Microsoft/Web/Mvc/ExpressionUtil/MethodCallExpressionFingerprint;cs+class://Microsoft/Web/Mvc/ExpressionUtil/ExpressionFingerprint;(not implemented)
cs+class://Microsoft/Web/Mvc/ExpressionUtil/ParameterExpressionFingerprint;cs+class://Microsoft/Web/Mvc/ExpressionUtil/ExpressionFingerprint;(not implemented)
cs+class://Microsoft/Web/Mvc/ExpressionUtil/TypeBinaryExpressionFingerprint;cs+class://Microsoft/Web/Mvc/ExpressionUtil/ExpressionFingerprint;(not implemented)
cs+class://Microsoft/Web/Mvc/ExpressionUtil/UnaryExpressionFingerprint;cs+class://Microsoft/Web/Mvc/ExpressionUtil/ExpressionFingerprint;(not implemented)
cs+class://Microsoft/Web/Mvc/ModelBinding/BindNeverAttribute;cs+class://Microsoft/Web/Mvc/ModelBinding/BindingBehaviorAttribute;(not implemented)
cs+class://Microsoft/Web/Mvc/ModelBinding/BindRequiredAttribute;cs+class://Microsoft/Web/Mvc/ModelBinding/BindingBehaviorAttribute;(not implemented)
cs+class://Microsoft/Web/Mvc/UrlAttribute;cs+class://System/ComponentModel/DataAnnotations/DataTypeAttribute;(not implemented)
cs+class://Microsoft/Web/Mvc/ModelBinding/ModelBinderProviderCollection;cs+class://System/Collections/ObjectModel/Collection[1];(not implemented)
cs+class://Microsoft/Web/Mvc/TempDataValueProviderFactory/TempDataValueProvider;cs+class://System/Web/Mvc/DictionaryValueProvider[1];(not implemented)
cs+class://Microsoft/Web/Mvc/Controls/Hidden;cs+class://Microsoft/Web/Mvc/Controls/MvcInputControl;(not implemented)
cs+class://Microsoft/Web/Mvc/Controls/Password;cs+class://Microsoft/Web/Mvc/Controls/MvcInputControl;(not implemented)
cs+class://Microsoft/Web/Mvc/Controls/TextBox;cs+class://Microsoft/Web/Mvc/Controls/MvcInputControl;(not implemented)
cs+class://System/Web/Razor/Test/Framework/StatementBlock;cs+class://System/Web/Razor/Parser/SyntaxTree/Block;(not implemented)
cs+class://System/Web/Razor/Test/Framework/DirectiveBlock;cs+class://System/Web/Razor/Parser/SyntaxTree/Block;(not implemented)
cs+class://System/Web/Razor/Test/Framework/FunctionsBlock;cs+class://System/Web/Razor/Parser/SyntaxTree/Block;(not implemented)
cs+class://System/Web/Razor/Test/Framework/ExpressionBlock;cs+class://System/Web/Razor/Parser/SyntaxTree/Block;(not implemented)
cs+class://System/Web/Razor/Test/Framework/HelperBlock;cs+class://System/Web/Razor/Parser/SyntaxTree/Block;(not implemented)
cs+class://System/Web/Razor/Test/Framework/MarkupBlock;cs+class://System/Web/Razor/Parser/SyntaxTree/Block;(not implemented)
cs+class://System/Web/Razor/Test/Framework/SectionBlock;cs+class://System/Web/Razor/Parser/SyntaxTree/Block;(not implemented)
cs+class://System/Web/Razor/Test/Framework/TemplateBlock;cs+class://System/Web/Razor/Parser/SyntaxTree/Block;(not implemented)
cs+class://System/Web/Razor/Test/Framework/CommentBlock;cs+class://System/Web/Razor/Parser/SyntaxTree/Block;(not implemented)
cs+class://System/Web/Razor/Test/Framework/ParserTestBase/IgnoreOutputBlock;cs+class://System/Web/Razor/Parser/SyntaxTree/Block;(not implemented)
cs+class://System/Web/Helpers/Claims/Test/ClaimsIdentityConverterTest/SubclassedFormsIdentity;cs+class://System/Web/Security/FormsIdentity;(not implemented)
cs+class://System/Web/Helpers/Claims/Test/ClaimsIdentityConverterTest/SubclassedGenericIdentity;cs+class://System/Security/Principal/GenericIdentity;(not implemented)
cs+class://System/Web/Helpers/Claims/Test/ClaimsIdentityConverterTest/SubclassedWindowsIdentity;cs+class://System/Security/Principal/WindowsIdentity;(not implemented)
cs+class://System/Web/Helpers/Test/ChartTest/MockVirtualPathProvider/MockVirtualFile;cs+class://System/Web/Hosting/VirtualFile;(not implemented)
cs+class://System/Web/Helpers/Test/DynamicDictionary/DynamicDictionaryMetaObject;cs+class://System/Dynamic/DynamicMetaObject;(not implemented)
cs+class://System/Web/Helpers/Test/DynamicHelperTest/MockMemberBinder;cs+class://System/Dynamic/GetMemberBinder;(not implemented)
cs+class://System/Web/Helpers/Test/DynamicWrapper/DynamicWrapperMetaObject;cs+class://System/Dynamic/DynamicMetaObject;(not implemented)
cs+class://System/Web/Helpers/Test/ObjectInfoTest/MockObjectVisitor;cs+class://System/Web/Helpers/ObjectVisitor;(not implemented)
cs+class://System/Web/WebPages/Razor/Test/RazorBuildProviderTest/TestHost;cs+class://System/Web/WebPages/Razor/WebPageRazorHost;(not implemented)
cs+class://System/Web/WebPages/Razor/Test/WebRazorHostFactoryTest/TestHost;cs+class://System/Web/WebPages/Razor/WebPageRazorHost;(not implemented)
cs+class://System/Web/WebPages/Administration/Test/WebProjectSystemTest/NeverCloseMemoryStream;cs+class://System/IO/MemoryStream;(not implemented)
cs+class://System/Web/Mvc/Routing/RouteFactoryAttributeTests/LambdaDirectRouteFactoryContext;cs+class://System/Web/Mvc/Routing/DirectRouteFactoryContext;(not implemented)
cs+class://System/Web/Mvc/Routing/RouteFactoryAttributeTests/LambdaDirectRouteBuilder;cs+class://System/Web/Mvc/Routing/DirectRouteBuilder;(not implemented)
cs+class://System/Web/Mvc/Async/Test/TaskWrapperAsyncResultTest/MyTask;cs+class://System/Threading/Tasks/Task;(not implemented)
cs+class://System/Web/Mvc/Routing/AttributeRoutingMapperTest/InvalidConstraintRouteAttribute;cs+class://System/Web/Mvc/Routing/RouteFactoryAttribute;(not implemented)
cs+class://System/Web/Mvc/Routing/DirectRouteBuilderTests/MockDirectRouteBuilder;cs+class://System/Web/Mvc/Routing/DirectRouteBuilder;(not implemented)
cs+class://System/Web/Mvc/ExpressionUtil/Test/DummyExpressionFingerprint;cs+class://System/Web/Mvc/ExpressionUtil/ExpressionFingerprint;(not implemented)
cs+class://System/Web/Mvc/Test/CompiledTypeViewTest/TestableBuildManagerCompiledView;cs+class://System/Web/Mvc/BuildManagerCompiledView;(not implemented)
cs+class://System/Web/Mvc/Test/BuildManagerViewEngineTest/TestableBuildManagerViewEngine;cs+class://System/Web/Mvc/BuildManagerViewEngine;(not implemented)
cs+class://System/Web/Mvc/Test/CompareAttributeTest/DerivedCompareAttribute;cs+class://System/Web/Mvc/CompareAttribute;(not implemented)
cs+class://System/Web/Mvc/Test/DataAnnotationsModelMetadataProviderTestBase/DerivedDataTypeAttribute;cs+class://System/ComponentModel/DataAnnotations/DataTypeAttribute;(not implemented)
cs+class://System/Web/Mvc/Test/DataTypeUtilTest/DerivedDataTypeAttribute;cs+class://System/ComponentModel/DataAnnotations/DataTypeAttribute;(not implemented)
cs+class://System/Web/Mvc/Test/RemoteAttributeTest/TestableRemoteAttribute;cs+class://System/Web/Mvc/RemoteAttribute;(not implemented)
cs+class://System/Web/Mvc/Test/RazorViewEngineTest/TestableRazorViewEngine;cs+class://System/Web/Mvc/RazorViewEngine;(not implemented)
cs+class://System/Web/Mvc/Test/FilterProviderCollectionTest/AllowMultipleCustomFilter;cs+class://System/Web/Mvc/MvcFilter;(not implemented)
cs+class://System/Web/Mvc/Html/Test/RenderPartialExtensionsTest/SpyHtmlHelper;cs+class://System/Web/Mvc/HtmlHelper;(not implemented)
cs+class://System/Web/Mvc/Test/ControllerContextTest/SubclassedControllerContext;cs+class://System/Web/Mvc/ControllerContext;(not implemented)
cs+class://System/Web/Mvc/Test/ModelValidatorProviderCollectionTest/SimpleModelValidator;cs+class://System/Web/Mvc/ModelValidator;(not implemented)
cs+class://System/Web/Mvc/Test/ModelValidatorTest/ObservableModelValidatorProvider/ObservableModelValidator;cs+class://System/Web/Mvc/ModelValidator;(not implemented)
cs+class://System/Web/Mvc/Test/ModelValidatorTest/TestableModelValidator;cs+class://System/Web/Mvc/ModelValidator;(not implemented)
cs+class://System/Web/Mvc/Test/DataAnnotationsModelValidatorProviderTest/MyValidationAttributeAdapter;cs+class://System/Web/Mvc/DataAnnotationsModelValidator[1];(not implemented)
cs+class://System/Web/Mvc/Test/DataAnnotationsModelValidatorProviderTest/MyValidationAttributeAdapterBadCtor;cs+class://System/Web/Mvc/ModelValidator;(not implemented)
cs+class://System/Web/Mvc/Test/DataAnnotationsModelValidatorProviderTest/MyDefaultValidationAttributeAdapter;cs+class://System/Web/Mvc/DataAnnotationsModelValidator;(not implemented)
cs+class://System/Web/Mvc/Test/DataAnnotationsModelValidatorProviderTest/MyValidatableAdapter;cs+class://System/Web/Mvc/ModelValidator;(not implemented)
cs+class://System/Web/Mvc/Test/DataAnnotationsModelValidatorProviderTest/MyValidatableAdapterBadCtor;cs+class://System/Web/Mvc/ModelValidator;(not implemented)
cs+class://System/Web/Mvc/Test/FileContentResultTest/FileContentResultHelper;cs+class://System/Web/Mvc/FileContentResult;(not implemented)
cs+class://System/Web/Mvc/Test/FilePathResultTest/FilePathResultHelper;cs+class://System/Web/Mvc/FilePathResult;(not implemented)
cs+class://System/Web/Mvc/Test/FileResultTest/EmptyFileResult;cs+class://System/Web/Mvc/FileResult;(not implemented)
cs+class://System/Web/Mvc/Test/FileStreamResultTest/FileStreamResultHelper;cs+class://System/Web/Mvc/FileStreamResult;(not implemented)
cs+class://System/Web/Mvc/Test/DefaultModelBinderTest/MinMaxValidationAttribute;cs+class://System/ComponentModel/DataAnnotations/ValidationAttribute;(not implemented)
cs+class://System/Web/Mvc/Test/DefaultModelBinderTest/AlwaysInvalidAttribute;cs+class://System/ComponentModel/DataAnnotations/ValidationAttribute;(not implemented)
cs+class://System/Web/Mvc/Test/ControllerActionInvokerTest/ControllerActionInvokerHelper;cs+class://System/Web/Mvc/ControllerActionInvoker;(not implemented)
cs+class://System/Web/Mvc/Test/ControllerBuilderTest/MvcHandlerWithNoVersionHeader;cs+class://System/Web/Mvc/MvcHandler;(not implemented)
cs+class://System/Web/Mvc/Test/HtmlHelperTest/TestableHtmlHelper;cs+class://System/Web/Mvc/HtmlHelper;(not implemented)
cs+class://System/Web/Mvc/Test/ViewDataDictionaryTest/PersonPropertyDescriptor;cs+class://System/ComponentModel/PropertyDescriptor;(not implemented)
cs+class://System/Web/Mvc/Test/WebFormViewEngineTest/TestableWebFormViewEngine;cs+class://System/Web/Mvc/WebFormViewEngine;(not implemented)
cs+class://Microsoft/Web/UnitTestUtil/SimpleValueProvider;cs+class://System/Collections/Generic/Dictionary[2];(not implemented)
cs+class://System/Web/Http/EfficientTypePropertyKey[2];cs+class://System/Tuple[2];(not implemented)
cs+class://System/Web/Http/Batch/DefaultHttpBatchHandler;cs+class://System/Web/Http/Batch/HttpBatchHandler;(not implemented)
cs+class://System/Web/Http/Routing/Constraints/AlphaRouteConstraint;cs+class://System/Web/Http/Routing/Constraints/RegexRouteConstraint;(not implemented)
cs+class://System/Web/Http/SingleResult[1];cs+class://System/Web/Http/SingleResult;(not implemented)
cs+class://System/Web/Http/Tracing/Tracers/AuthenticationFilterTracer;cs+class://System/Web/Http/Tracing/Tracers/FilterTracer;(not implemented)
cs+class://System/Web/Http/Tracing/Tracers/OverrideFilterTracer;cs+class://System/Web/Http/Tracing/Tracers/FilterTracer;(not implemented)
cs+class://System/Web/Http/ModelBinding/FormatterParameterBinding;cs+class://System/Web/Http/Controllers/HttpParameterBinding;(not implemented)
cs+class://System/Web/Http/ModelBinding/CancellationTokenParameterBinding;cs+class://System/Web/Http/Controllers/HttpParameterBinding;(not implemented)
cs+class://System/Web/Http/ModelBinding/ErrorParameterBinding;cs+class://System/Web/Http/Controllers/HttpParameterBinding;(not implemented)
cs+class://System/Web/Http/Controllers/ReflectedHttpActionDescriptor;cs+class://System/Web/Http/Controllers/HttpActionDescriptor;(not implemented)
cs+class://System/Web/Http/HttpError;cs+class://System/Collections/Generic/Dictionary[2];(not implemented)
cs+class://System/Web/Http/HttpResponseException;cs+class://System/Exception;(not implemented)
cs+class://System/Web/Http/ModelBinding/HttpRequestParameterBinding;cs+class://System/Web/Http/Controllers/HttpParameterBinding;(not implemented)
cs+class://System/Web/Http/ModelBinding/ModelBinderParameterBinding;cs+class://System/Web/Http/Controllers/HttpParameterBinding;(not implemented)
cs+class://System/Web/Http/HttpRouteCollectionExtensions/IgnoreHttpRouteInternal;cs+class://System/Web/Http/Routing/HttpRoute;(not implemented)
cs+class://System/Web/Http/Routing/HttpRouteValueDictionary;cs+class://System/Collections/Generic/Dictionary[2];(not implemented)
cs+class://System/Net/Http/Formatting/UriPathExtensionMapping;cs+class://System/Net/Http/Formatting/MediaTypeMapping;(not implemented)
cs+class://System/Web/Http/Controllers/ReflectedHttpParameterDescriptor;cs+class://System/Web/Http/Controllers/HttpParameterDescriptor;(not implemented)
cs+class://System/Web/Http/HttpBindNeverAttribute;cs+class://System/Web/Http/ModelBinding/HttpBindingBehaviorAttribute;(not implemented)
cs+class://System/Web/Http/HttpBindRequiredAttribute;cs+class://System/Web/Http/ModelBinding/HttpBindingBehaviorAttribute;(not implemented)
cs+class://System/Web/Http/Metadata/Providers/CachedModelMetadata[1];cs+class://System/Web/Http/Metadata/ModelMetadata;(not implemented)
cs+class://System/Web/Http/Metadata/Providers/CachedDataAnnotationsModelMetadata;cs+class://System/Web/Http/Metadata/Providers/CachedModelMetadata[1];(not implemented)
cs+class://System/Web/Http/Tracing/Tracers/HttpActionDescriptorTracer;cs+class://System/Web/Http/Controllers/HttpActionDescriptor;(not implemented)
cs+class://System/Web/Http/Tracing/Tracers/ActionFilterTracer;cs+class://System/Web/Http/Tracing/Tracers/FilterTracer;(not implemented)
cs+class://System/Web/Http/Tracing/Tracers/AuthorizationFilterTracer;cs+class://System/Web/Http/Tracing/Tracers/FilterTracer;(not implemented)
cs+class://System/Web/Http/Tracing/Tracers/BufferedMediaTypeFormatterTracer;cs+class://System/Net/Http/Formatting/BufferedMediaTypeFormatter;(not implemented)
cs+class://System/Web/Http/Tracing/Tracers/ExceptionFilterTracer;cs+class://System/Web/Http/Tracing/Tracers/FilterTracer;(not implemented)
cs+class://System/Web/Http/Tracing/Tracers/FormatterParameterBindingTracer;cs+class://System/Web/Http/ModelBinding/FormatterParameterBinding;(not implemented)
cs+class://System/Web/Http/Tracing/Tracers/FormUrlEncodedMediaTypeFormatterTracer;cs+class://System/Net/Http/Formatting/FormUrlEncodedMediaTypeFormatter;(not implemented)
cs+class://System/Web/Http/Tracing/Tracers/HttpParameterBindingTracer;cs+class://System/Web/Http/Controllers/HttpParameterBinding;(not implemented)
cs+class://System/Web/Http/Tracing/Tracers/JsonMediaTypeFormatterTracer;cs+class://System/Net/Http/Formatting/JsonMediaTypeFormatter;(not implemented)
cs+class://System/Web/Http/Tracing/Tracers/MediaTypeFormatterTracer;cs+class://System/Net/Http/Formatting/MediaTypeFormatter;(not implemented)
cs+class://System/Web/Http/Tracing/Tracers/XmlMediaTypeFormatterTracer;cs+class://System/Net/Http/Formatting/XmlMediaTypeFormatter;(not implemented)
cs+class://System/Web/Http/Validation/ModelValidator/CompositeModelValidator;cs+class://System/Web/Http/Validation/ModelValidator;(not implemented)
cs+class://System/Web/Http/Validation/Validators/ErrorModelValidator;cs+class://System/Web/Http/Validation/ModelValidator;(not implemented)
cs+class://System/Web/Http/Validation/Validators/RequiredMemberModelValidator;cs+class://System/Web/Http/Validation/ModelValidator;(not implemented)
cs+class://System/Web/Http/Validation/Validators/ValidatableObjectAdapter;cs+class://System/Web/Http/Validation/ModelValidator;(not implemented)
cs+class://System/Web/Http/Validation/Validators/DataAnnotationsModelValidator;cs+class://System/Web/Http/Validation/ModelValidator;(not implemented)
cs+class://System/Web/Http/ValueProviders/Providers/CompositeValueProvider;cs+class://System/Collections/ObjectModel/Collection[1];(not implemented)
cs+class://System/Web/Http/ValueProviders/Providers/RouteDataValueProvider;cs+class://System/Web/Http/ValueProviders/Providers/NameValuePairsValueProvider;(not implemented)
cs+class://System/Web/Http/ValueProviders/Providers/QueryStringValueProvider;cs+class://System/Web/Http/ValueProviders/Providers/NameValuePairsValueProvider;(not implemented)
cs+class://System/Web/Http/Routing/RouteFactoryAttributeTests/LambdaDirectRouteFactoryContext;cs+class://System/Web/Http/Routing/DirectRouteFactoryContext;(not implemented)
cs+class://System/Web/Http/Routing/RouteFactoryAttributeTests/LambdaDirectRouteBuilder;cs+class://System/Web/Http/Routing/DirectRouteBuilder;(not implemented)
cs+class://System/Web/Http/Batch/BatchLearningTests/CustomHttpBatchHandler;cs+class://System/Web/Http/Batch/DefaultHttpBatchHandler;(not implemented)
cs+class://System/Web/Http/HttpBatchHandlerTest/LambdaHttpBatchHandler;cs+class://System/Web/Http/Batch/HttpBatchHandler;(not implemented)
cs+class://System/Web/Http/HttpBatchHandlerTest/MockHttpBatchHandler;cs+class://System/Web/Http/Batch/HttpBatchHandler;(not implemented)
cs+class://System/Web/Http/HttpParameterBindingTest/CustomBinding;cs+class://System/Web/Http/Controllers/HttpParameterBinding;(not implemented)
cs+class://System/Web/Http/ModelBinding/HttpParameterBindingExtensionsTest/HttpValueProviderParameterBindingTestDouble;cs+class://System/Web/Http/Controllers/HttpParameterBinding;(not implemented)
cs+class://System/Web/Http/ModelBinding/ParameterBindingProvidersTest/EmptyParameterBinding;cs+class://System/Web/Http/Controllers/HttpParameterBinding;(not implemented)
cs+class://System/Web/Http/Routing/ConstraintController/ConstrainedRouteAttribute;cs+class://System/Web/Http/Routing/RouteFactoryAttribute;(not implemented)
cs+class://System/Web/Http/Routing/DirectRouteBuilderTests/MockDirectRouteBuilder;cs+class://System/Web/Http/Routing/DirectRouteBuilder;(not implemented)
cs+class://System/Web/Http/Tracing/TraceLevelHelperTest;cs+class://Microsoft/TestCommon/EnumHelperTestBase[1];(not implemented)
cs+class://System/Web/Http/Tracing/Tracers/MessageHandlerTracerTest/MockDelegatingHandler;cs+class://System/Net/Http/DelegatingHandler;(not implemented)
cs+class://System/Web/Http/Tracing/Tracers/MessageHandlerTracerTest/MockHttpMessageHandler;cs+class://System/Net/Http/HttpMessageHandler;(not implemented)
cs+class://System/Web/Http/Tracing/Tracers/RequestMessageHandlerTracerTest/MockDelegatingHandler;cs+class://System/Net/Http/DelegatingHandler;(not implemented)
cs+class://System/Web/Http/Tracing/Tracers/RequestMessageHandlerTracerTest/MockHttpMessageHandler;cs+class://System/Net/Http/HttpMessageHandler;(not implemented)
cs+class://System/Web/Http/Tracing/TraceKindHelperTest;cs+class://Microsoft/TestCommon/EnumHelperTestBase[1];(not implemented)
cs+class://System/Web/Http/ModelBinding/CompositeModelBinderTest/SimpleValueProvider;cs+class://System/Collections/Generic/Dictionary[2];(not implemented)
cs+class://System/Web/Http/ModelBinding/DefaultActionValueBinderTest/CustomBindingAttribute/CustomBinding;cs+class://System/Web/Http/Controllers/HttpParameterBinding;(not implemented)
cs+class://System/Web/Http/Util/SimpleHttpValueProvider;cs+class://System/Collections/Generic/Dictionary[2];(not implemented)
cs+class://System/Web/Http/Validation/ModelValidatorTest/ObservableModelValidatorProvider/ObservableModelValidator;cs+class://System/Web/Http/Validation/ModelValidator;(not implemented)
cs+class://System/Web/Http/Validation/ModelValidatorTest/TestableModelValidator;cs+class://System/Web/Http/Validation/ModelValidator;(not implemented)
cs+class://System/Web/Http/Validation/Providers/DataAnnotationsModelValidatorProviderTest/MyValidationAttributeAdapter;cs+class://System/Web/Http/Validation/Validators/DataAnnotationsModelValidator;(not implemented)
cs+class://System/Web/Http/Validation/Providers/DataAnnotationsModelValidatorProviderTest/MyValidationAttributeAdapterBadCtor;cs+class://System/Web/Http/Validation/ModelValidator;(not implemented)
cs+class://System/Web/Http/Validation/Providers/DataAnnotationsModelValidatorProviderTest/MyDefaultValidationAttributeAdapter;cs+class://System/Web/Http/Validation/Validators/DataAnnotationsModelValidator;(not implemented)
cs+class://System/Web/Http/Validation/Providers/DataAnnotationsModelValidatorProviderTest/MyValidatableAdapter;cs+class://System/Web/Http/Validation/ModelValidator;(not implemented)
cs+class://System/Web/Http/Validation/Providers/DataAnnotationsModelValidatorProviderTest/MyValidatableAdapterBadCtor;cs+class://System/Web/Http/Validation/ModelValidator;(not implemented)
cs+class://System/Net/Http/Formatting/BaseJsonMediaTypeFormatter;cs+class://System/Net/Http/Formatting/MediaTypeFormatter;(not implemented)
cs+class://System/Net/Http/Formatting/BsonMediaTypeFormatter;cs+class://System/Net/Http/Formatting/BaseJsonMediaTypeFormatter;(not implemented)
cs+class://System/Net/Http/UnsupportedMediaTypeException;cs+class://System/Exception;(not implemented)
cs+class://System/Net/Http/Internal/ByteRangeStream;cs+class://System/Net/Http/Internal/DelegatingStream;(not implemented)
cs+class://System/Net/Http/InvalidByteRangeException;cs+class://System/Exception;(not implemented)
cs+class://System/Net/Http/ObjectContent[1];cs+class://System/Net/Http/ObjectContent;(not implemented)
cs+class://System/Net/Http/PushStreamContent/CompleteTaskOnCloseStream;cs+class://System/Net/Http/Internal/DelegatingStream;(not implemented)
cs+class://System/Net/Http/Handlers/HttpProgressEventArgs;cs+class://System/ComponentModel/ProgressChangedEventArgs;(not implemented)
cs+class://System/Net/Http/Handlers/ProgressMessageHandler;cs+class://System/Net/Http/DelegatingHandler;(not implemented)
cs+class://System/Net/Http/Handlers/ProgressStream;cs+class://System/Net/Http/Internal/DelegatingStream;(not implemented)
cs+class://System/Net/Http/Handlers/ProgressWriteAsyncResult;cs+class://System/Net/Http/Internal/AsyncResult;(not implemented)
cs+class://System/Net/Http/Formatting/Internal/HttpValueCollection;cs+class://System/Collections/Specialized/NameValueCollection;(not implemented)
cs+class://System/Net/Http/Internal/NonClosingDelegatingStream;cs+class://System/Net/Http/Internal/DelegatingStream;(not implemented)
cs+class://System/Net/Http/Formatting/BufferedMediaTypeFormatter;cs+class://System/Net/Http/Formatting/MediaTypeFormatter;(not implemented)
cs+class://System/Net/Http/Formatting/FormUrlEncodedMediaTypeFormatter;cs+class://System/Net/Http/Formatting/MediaTypeFormatter;(not implemented)
cs+class://System/Net/Http/Formatting/JsonMediaTypeFormatter;cs+class://System/Net/Http/Formatting/BaseJsonMediaTypeFormatter;(not implemented)
cs+class://System/Net/Http/Formatting/MediaTypeFormatter/MediaTypeHeaderValueCollection;cs+class://System/Collections/ObjectModel/Collection[1];(not implemented)
cs+class://System/Net/Http/Formatting/QueryStringMapping;cs+class://System/Net/Http/Formatting/MediaTypeMapping;(not implemented)
cs+class://System/Net/Http/Formatting/RequestHeaderMapping;cs+class://System/Net/Http/Formatting/MediaTypeMapping;(not implemented)
cs+class://System/Net/Http/Formatting/XmlHttpRequestHeaderMapping;cs+class://System/Net/Http/Formatting/RequestHeaderMapping;(not implemented)
cs+class://System/Net/Http/Formatting/XmlMediaTypeFormatter;cs+class://System/Net/Http/Formatting/MediaTypeFormatter;(not implemented)
cs+class://System/Net/Http/MultipartFormDataStreamProvider;cs+class://System/Net/Http/MultipartFileStreamProvider;(not implemented)
cs+class://Microsoft/TestCommon/ValueTypeTestData[1];cs+class://Microsoft/TestCommon/TestData[1];(not implemented)
cs+class://Microsoft/TestCommon/TestData[1];cs+class://Microsoft/TestCommon/TestData;(not implemented)
cs+class://System/Net/Http/Formatting/BsonMediaTypeFormatterTests/TestBsonMediaTypeFormatter;cs+class://System/Net/Http/Formatting/BsonMediaTypeFormatter;(not implemented)
cs+class://System/Net/Http/Formatting/MediaTypeMappingTests/MockMediaTypeMapping;cs+class://System/Net/Http/Formatting/MediaTypeMapping;(not implemented)
cs+class://System/Net/Http/Formatting/StringComparisonHelperTest;cs+class://Microsoft/TestCommon/EnumHelperTestBase[1];(not implemented)
cs+class://System/Net/Http/Formatting/Mocks/MockMediaTypeMapping;cs+class://System/Net/Http/Formatting/MediaTypeMapping;(not implemented)
cs+class://System/Net/Http/Formatting/Mocks/MockContentNegotiator;cs+class://System/Net/Http/Formatting/DefaultContentNegotiator;(not implemented)
cs+class://System/Net/Http/PushStreamContentTest/MockCompleteTaskOnCloseStream;cs+class://System/Net/Http/PushStreamContent/CompleteTaskOnCloseStream;(not implemented)
cs+class://System/Net/Http/Formatting/DataSets/Types/DerivedDataContractType;cs+class://System/Net/Http/Formatting/DataSets/Types/DataContractType;(not implemented)
cs+class://System/Net/Http/Formatting/DataSets/Types/DerivedWcfPocoType;cs+class://System/Net/Http/Formatting/DataSets/Types/WcfPocoType;(not implemented)
cs+class://System/Net/Http/Formatting/DataSets/Types/DerivedXmlSerializableType;cs+class://System/Net/Http/Formatting/DataSets/Types/XmlSerializableType;(not implemented)
cs+class://System/Web/Http/AsyncResultTest/MockAsyncResult;cs+class://System/Net/Http/Internal/AsyncResult;(not implemented)
cs+class://System/Net/Http/Mocks/MockDelegatingHandler;cs+class://System/Net/Http/DelegatingHandler;(not implemented)
cs+class://System/Net/Http/Mocks/MockNonClosingDelegatingStream;cs+class://System/Net/Http/Internal/NonClosingDelegatingStream;(not implemented)
cs+class://System/Net/Http/Mocks/MockDelegatingStream;cs+class://System/Net/Http/Internal/DelegatingStream;(not implemented)
cs+class://System/Net/Http/Formatting/MockBufferedMediaTypeFormatter;cs+class://System/Net/Http/Formatting/BufferedMediaTypeFormatter;(not implemented)
cs+class://System/Net/Http/Formatting/DefaultContentNegotiatorTests/MyMediaTypeMapping;cs+class://System/Net/Http/Formatting/MediaTypeMapping;(not implemented)
cs+class://System/Net/Http/Formatting/FormUrlEncodedMediaTypeFormatterTests/TestFormUrlEncodedMediaTypeFormatter;cs+class://System/Net/Http/Formatting/FormUrlEncodedMediaTypeFormatter;(not implemented)
cs+class://System/Net/Http/Formatting/JsonMediaTypeFormatterTests/TestJsonMediaTypeFormatter;cs+class://System/Net/Http/Formatting/JsonMediaTypeFormatter;(not implemented)
cs+class://System/Net/Http/Formatting/MediaTypeFormatterTests/TestMediaTypeFormatter;cs+class://System/Net/Http/Formatting/MediaTypeFormatter;(not implemented)
cs+class://System/Net/Http/Formatting/XmlMediaTypeFormatterTests/TestXmlMediaTypeFormatter;cs+class://System/Net/Http/Formatting/XmlMediaTypeFormatter;(not implemented)
cs+class://System/Net/Http/MockMultipartFileStreamProvider;cs+class://System/Net/Http/MultipartFileStreamProvider;(not implemented)
cs+class://System/Net/Http/MockMultipartFormDataStreamProvider;cs+class://System/Net/Http/MultipartFormDataStreamProvider;(not implemented)
cs+class://System/Net/Http/MultipartFormDataStreamProviderTests/CustomMultipartFormDataStreamProvider;cs+class://System/Net/Http/MultipartFormDataStreamProvider;(not implemented)
cs+class://System/Net/Http/ObjectContentTests/TestableObjectContent;cs+class://System/Net/Http/ObjectContent;(not implemented)
cs+class://System/Web/Http/SelfHost/Channels/HttpMessageEncoderFactory/HttpMessageEncoder/ByteArrayBufferManagerContent;cs+class://System/Net/Http/ByteArrayContent;(not implemented)
cs+class://System/Web/Http/SelfHost/Channels/HttpMessageEncodingChannelListener;cs+class://System/Web/Http/SelfHost/ServiceModel/Channels/LayeredChannelListener[1];(not implemented)
cs+class://System/Web/Http/SelfHost/Channels/HttpMessageEncodingReplyChannel;cs+class://System/Web/Http/SelfHost/ServiceModel/Channels/LayeredChannel[1];(not implemented)
cs+class://System/Web/Http/SelfHost/HttpSelfHostConfiguration;cs+class://System/Web/Http/HttpConfiguration;(not implemented)
cs+class://System/Web/Http/SelfHost/HttpSelfHostServer;cs+class://System/Web/Http/HttpServer;(not implemented)
cs+class://System/Web/Http/SelfHost/ServiceModel/Channels/BufferManagerOutputStream;cs+class://System/Web/Http/SelfHost/ServiceModel/Channels/BufferedOutputStream;(not implemented)
cs+class://System/Web/Http/SelfHost/ServiceModel/Channels/CompletedAsyncResult;cs+class://System/Web/Http/SelfHost/ServiceModel/Channels/AsyncResult;(not implemented)
cs+class://System/Web/Http/SelfHost/ServiceModel/Channels/LayeredChannel[1];cs+class://System/ServiceModel/Channels/ChannelBase;(not implemented)
cs+class://System/Web/Http/SelfHost/ServiceModel/Channels/LayeredChannelAcceptor[2];cs+class://System/Web/Http/SelfHost/ServiceModel/Channels/ChannelAcceptor[1];(not implemented)
cs+class://System/Web/Http/SelfHost/ServiceModel/Channels/LayeredChannelListener[1];cs+class://System/ServiceModel/Channels/ChannelListenerBase[1];(not implemented)
cs+class://System/Web/Http/SelfHost/ServiceModel/Channels/LayeredChannelListener/CloseAsyncResult;cs+class://System/Web/Http/SelfHost/ServiceModel/Channels/AsyncResult;(not implemented)
cs+class://System/Web/Http/SelfHost/ServiceModel/Channels/LayeredChannelListener/OpenAsyncResult;cs+class://System/Web/Http/SelfHost/ServiceModel/Channels/AsyncResult;(not implemented)
cs+class://System/Web/Http/SelfHost/ServiceModel/Channels/CompletedAsyncResult[1];cs+class://System/Web/Http/SelfHost/ServiceModel/Channels/AsyncResult;(not implemented)
cs+class://System/Web/Http/WebHost/Routing/HttpWebRoute;cs+class://System/Web/Routing/Route;(not implemented)
cs+class://System/Web/Http/WebHost/HttpControllerHandler/DelegatingStreamContent;cs+class://System/Net/Http/StreamContent;(not implemented)
cs+class://System/Web/Http/Dispatcher/CustomControllerTypeResolverTest;cs+class://System/Web/Http/HttpServerTestBase;(not implemented)
cs+class://System/Web/Http/ContentNegotiation/ContentNegotiationTestBase;cs+class://System/Web/Http/HttpServerTestBase;(not implemented)
cs+class://System/Web/Http/ModelBinding/ModelBindingTests;cs+class://System/Web/Http/HttpServerTestBase;(not implemented)
cs+class://System/Web/Http/WebHost/SeekableBufferedRequestStreamTest/AccessibleStreamWrapper;cs+class://System/Web/Http/WebHost/SeekableBufferedRequestStream;(not implemented)
cs+class://System/Web/Http/WebHost/SeekableBufferedRequestStreamTest/NonSeekableStream;cs+class://System/IO/MemoryStream;(not implemented)
cs+class://System/Web/Http/WebHost/Routing/HostedHttpRouteCollectionTest/HttpDomainRoute;cs+class://System/Web/Routing/Route;(not implemented)
cs+class://System/Web/Http/WebHost/Routing/HostedHttpRouteCollectionTest/DomainHttpRoute;cs+class://System/Web/Http/Routing/HttpRoute;(not implemented)
cs+class://System/Web/Http/WebHost/Routing/HostedHttpRouteCollectionTest/MockHostedHttpRouteCollection;cs+class://System/Web/Http/WebHost/Routing/HostedHttpRouteCollection;(not implemented)
cs+class://System/Net/Http/Formatting/HttpBindingSecurityModeHelperTest;cs+class://Microsoft/TestCommon/EnumHelperTestBase[1];(not implemented)
cs+class://System/Web/Http/SelfHost/HttpSelfHostServerTest/ThrowsBeforeTaskObjectContent;cs+class://System/Net/Http/ObjectContent;(not implemented)
cs+class://System/Web/Http/SelfHost/HttpSelfHostServerTest/ThrowBeforeWriteObjectContent;cs+class://System/Net/Http/ObjectContent;(not implemented)
cs+class://System/Web/Http/SelfHost/HttpSelfHostServerTest/ThrowAfterWriteObjectContent;cs+class://System/Net/Http/ObjectContent;(not implemented)
cs+class://System/Web/Http/SelfHost/HttpSelfHostServerTest/ThrowBeforeWriteStream;cs+class://System/Net/Http/StreamContent;(not implemented)
cs+class://System/Web/Http/SelfHost/HttpSelfHostServerTest/ThrowAfterWriteStream;cs+class://System/Net/Http/StreamContent;(not implemented)
cs+class://System/Net/Http/Formatting/TransferModeHelperTest;cs+class://Microsoft/TestCommon/EnumHelperTestBase[1];(not implemented)
cs+class://System/Net/Http/Formatting/HostNameComparisonModeHelperTest;cs+class://Microsoft/TestCommon/EnumHelperTestBase[1];(not implemented)
cs+class://System/Web/Http/HubControllerTest/NullHubNameController;cs+class://System/Web/Http/HubController;(not implemented)
cs+class://System/Web/Http/HubControllerTest/DefaultContextController;cs+class://System/Web/Http/HubController;(not implemented)
cs+class://Microsoft/AspNet/Facebook/ShowPromptResult;cs+class://Microsoft/AspNet/Facebook/JavaScriptRedirectResult;(not implemented)
cs+class://Microsoft/AspNet/Facebook/Test/FacebookAuthorizeFilterHookTest/CustomInvalidAuthorizeFilter;cs+class://Microsoft/AspNet/Facebook/Authorization/FacebookAuthorizeFilter;(not implemented)
cs+class://Microsoft/AspNet/Facebook/Test/FacebookAuthorizeFilterHookTest/CustomDefaultAuthorizeFilter;cs+class://Microsoft/AspNet/Facebook/Authorization/FacebookAuthorizeFilter;(not implemented)
cs+class://Microsoft/AspNet/Facebook/Test/FacebookAuthorizeFilterHookTest/CustomReturningAuthorizeFilter;cs+class://Microsoft/AspNet/Facebook/Authorization/FacebookAuthorizeFilter;(not implemented)
