fromType;toType;fromMethod;toMethod;calledFrom
cs+class://OpenSim/OpenSim;cs+class://OpenSim/OpenSimBase;UnknownType ReadExtraConfigSettings();UnknownType ReadExtraConfigSettings();LoadConfigSettings
cs+class://OpenSim/OpenSim;cs+class://OpenSim/OpenSimBase;UnknownType StartupSpecific();UnknownType StartupSpecific();Startup
cs+class://OpenSim/OpenSim;cs+class://OpenSim/OpenSimBase;UnknownType ShutdownSpecific();UnknownType ShutdownSpecific();Shutdown
cs+class://OpenSim/OpenSimBackground;cs+class://OpenSim/OpenSim;UnknownType Shutdown();UnknownType Shutdown();RegisterCommonCommands
cs+class://OpenSim/OpenSimBackground;cs+class://OpenSim/OpenSim;UnknownType Shutdown();UnknownType Shutdown();RegisterCommonCommands
cs+class://OpenSim/OpenSimBase;cs+class://OpenSim/Region/ClientStack/RegionApplicationBase;UnknownType StartupSpecific();UnknownType StartupSpecific();Startup
cs+class://OpenSim/OpenSimBase;cs+class://OpenSim/Region/ClientStack/RegionApplicationBase;UnknownType ShutdownSpecific();UnknownType ShutdownSpecific();Shutdown
cs+class://OpenSim/OpenSimBase;cs+class://OpenSim/Region/ClientStack/RegionApplicationBase;ClientStackManager CreateClientStackManager();ClientStackManager CreateClientStackManager();StartupSpecific
cs+class://OpenSim/OpenSimBase;cs+class://OpenSim/Region/ClientStack/RegionApplicationBase;UnknownType Initialize();UnknownType Initialize();StartupSpecific
cs+class://OpenSim/OpenSimBase/SimStatusHandler;cs+class://OpenSim/Framework/Servers/HttpServer/BaseStreamHandler;UnknownType ProcessRequest(UnknownType, UnknownType, IOSHttpRequest, IOSHttpResponse);UnknownType ProcessRequest(UnknownType, UnknownType, IOSHttpRequest, IOSHttpResponse);Handle
cs+class://OpenSim/OpenSimBase/XSimStatusHandler;cs+class://OpenSim/Framework/Servers/HttpServer/BaseStreamHandler;UnknownType ProcessRequest(UnknownType, UnknownType, IOSHttpRequest, IOSHttpResponse);UnknownType ProcessRequest(UnknownType, UnknownType, IOSHttpRequest, IOSHttpResponse);Handle
cs+class://OpenSim/OpenSimBase/UXSimStatusHandler;cs+class://OpenSim/Framework/Servers/HttpServer/BaseStreamHandler;UnknownType ProcessRequest(UnknownType, UnknownType, IOSHttpRequest, IOSHttpResponse);UnknownType ProcessRequest(UnknownType, UnknownType, IOSHttpRequest, IOSHttpResponse);Handle
cs+class://OpenSim/Groups/HGGroupsServicePostHandler;cs+class://OpenSim/Framework/Servers/HttpServer/BaseStreamHandler;UnknownType ProcessRequest(UnknownType, UnknownType, IOSHttpRequest, IOSHttpResponse);UnknownType ProcessRequest(UnknownType, UnknownType, IOSHttpRequest, IOSHttpResponse);Handle
cs+class://OpenSim/Groups/GroupsServicePostHandler;cs+class://OpenSim/Framework/Servers/HttpServer/BaseStreamHandler;UnknownType ProcessRequest(UnknownType, UnknownType, IOSHttpRequest, IOSHttpResponse);UnknownType ProcessRequest(UnknownType, UnknownType, IOSHttpRequest, IOSHttpResponse);Handle
cs+class://OpenSim/OfflineIM/OfflineIMServicePostHandler;cs+class://OpenSim/Framework/Servers/HttpServer/BaseStreamHandler;UnknownType ProcessRequest(UnknownType, UnknownType, IOSHttpRequest, IOSHttpResponse);UnknownType ProcessRequest(UnknownType, UnknownType, IOSHttpRequest, IOSHttpResponse);Handle
cs+class://OpenSim/Framework/Capabilities/LLSDStreamhandler[2];cs+class://OpenSim/Framework/Servers/HttpServer/BaseStreamHandler;UnknownType ProcessRequest(UnknownType, UnknownType, IOSHttpRequest, IOSHttpResponse);UnknownType ProcessRequest(UnknownType, UnknownType, IOSHttpRequest, IOSHttpResponse);Handle
cs+class://OpenSim/Capabilities/Handlers/AvatarPickerSearchHandler;cs+class://OpenSim/Framework/Servers/HttpServer/BaseStreamHandler;UnknownType ProcessRequest(UnknownType, UnknownType, IOSHttpRequest, IOSHttpResponse);UnknownType ProcessRequest(UnknownType, UnknownType, IOSHttpRequest, IOSHttpResponse);Handle
cs+class://OpenSim/Capabilities/Handlers/GetTextureHandler;cs+class://OpenSim/Framework/Servers/HttpServer/BaseStreamHandler;UnknownType ProcessRequest(UnknownType, UnknownType, IOSHttpRequest, IOSHttpResponse);UnknownType ProcessRequest(UnknownType, UnknownType, IOSHttpRequest, IOSHttpResponse);Handle
cs+class://OpenSim/Data/MSSQL/MSSQLAvatarData;cs+class://OpenSim/Data/MSSQL/MSSQLGenericTableHandler[1];UnknownType Delete(UnknownType, UnknownType);UnknownType Delete(UnknownType, UnknownType);Delete
cs+class://OpenSim/Data/MSSQL/MSSQLFriendsData;cs+class://OpenSim/Data/MSSQL/MSSQLGenericTableHandler[1];UnknownType Delete(UnknownType, UnknownType);UnknownType Delete(UnknownType, UnknownType);Delete
cs+class://OpenSim/Data/MSSQL/MSSQLMigration;cs+class://OpenSim/Data/Migration;UnknownType FindVersion(UnknownType, UnknownType);UnknownType FindVersion(UnknownType, UnknownType);InitMigrationsTable
cs+class://OpenSim/Data/MSSQL/MSSQLMigration;cs+class://OpenSim/Data/Migration;UnknownType ExecuteScript(UnknownType, UnknownType);UnknownType ExecuteScript(UnknownType, UnknownType);ExecuteScript
cs+class://OpenSim/Data/MSSQL/MSSQLMigration;cs+class://OpenSim/Data/Migration;UnknownType ExecuteScript(UnknownType, UnknownType);UnknownType ExecuteScript(UnknownType, UnknownType);ExecuteScript
cs+class://OpenSim/Data/MSSQL/MSSQLMigration;cs+class://OpenSim/Data/Migration;UnknownType FindVersion(UnknownType, UnknownType);UnknownType FindVersion(UnknownType, UnknownType);Update
cs+class://OpenSim/Data/MSSQL/MSSQLMigration;cs+class://OpenSim/Data/Migration;UnknownType FindVersion(UnknownType, UnknownType);UnknownType FindVersion(UnknownType, UnknownType);(field initializer)
cs+class://OpenSim/Data/MySQL/MySQLAvatarData;cs+class://OpenSim/Data/MySQL/MySQLGenericTableHandler[1];UnknownType Delete(UnknownType, UnknownType);UnknownType Delete(UnknownType, UnknownType);Delete
cs+class://OpenSim/Data/MySQL/MySqlFriendsData;cs+class://OpenSim/Data/MySQL/MySQLGenericTableHandler[1];UnknownType Delete(UnknownType, UnknownType);UnknownType Delete(UnknownType, UnknownType);Delete
cs+class://OpenSim/Data/MySQL/MySqlMigration;cs+class://OpenSim/Data/Migration;UnknownType ExecuteScript(UnknownType, UnknownType);UnknownType ExecuteScript(UnknownType, UnknownType);ExecuteScript
cs+class://OpenSim/Data/MySQL/MySqlMigration;cs+class://OpenSim/Data/Migration;UnknownType ExecuteScript(UnknownType, UnknownType);UnknownType ExecuteScript(UnknownType, UnknownType);ExecuteScript
cs+class://OpenSim/Data/MySQL/MySqlItemHandler;cs+class://OpenSim/Data/MySQL/MySqlInventoryHandler[1];UnknownType Delete(UnknownType, UnknownType);UnknownType Delete(UnknownType, UnknownType);Delete
cs+class://OpenSim/Data/PGSQL/PGSQLAvatarData;cs+class://OpenSim/Data/PGSQL/PGSQLGenericTableHandler[1];UnknownType Delete(UnknownType, UnknownType);UnknownType Delete(UnknownType, UnknownType);Delete
cs+class://OpenSim/Data/PGSQL/PGSQLFriendsData;cs+class://OpenSim/Data/PGSQL/PGSQLGenericTableHandler[1];UnknownType Delete(UnknownType, UnknownType);UnknownType Delete(UnknownType, UnknownType);Delete
cs+class://OpenSim/Data/PGSQL/PGSQLMigration;cs+class://OpenSim/Data/Migration;UnknownType FindVersion(UnknownType, UnknownType);UnknownType FindVersion(UnknownType, UnknownType);InitMigrationsTable
cs+class://OpenSim/Data/PGSQL/PGSQLMigration;cs+class://OpenSim/Data/Migration;UnknownType ExecuteScript(UnknownType, UnknownType);UnknownType ExecuteScript(UnknownType, UnknownType);ExecuteScript
cs+class://OpenSim/Data/PGSQL/PGSQLMigration;cs+class://OpenSim/Data/Migration;UnknownType ExecuteScript(UnknownType, UnknownType);UnknownType ExecuteScript(UnknownType, UnknownType);ExecuteScript
cs+class://OpenSim/Data/PGSQL/PGSQLMigration;cs+class://OpenSim/Data/Migration;UnknownType FindVersion(UnknownType, UnknownType);UnknownType FindVersion(UnknownType, UnknownType);Update
cs+class://OpenSim/Data/PGSQL/PGSQLMigration;cs+class://OpenSim/Data/Migration;UnknownType FindVersion(UnknownType, UnknownType);UnknownType FindVersion(UnknownType, UnknownType);(field initializer)
cs+class://OpenSim/Data/SQLite/SQLiteAvatarData;cs+class://OpenSim/Data/SQLite/SQLiteGenericTableHandler[1];UnknownType Delete(UnknownType, UnknownType);UnknownType Delete(UnknownType, UnknownType);Delete
cs+class://OpenSim/Data/SQLite/SQLiteFriendsData;cs+class://OpenSim/Data/SQLite/SQLiteGenericTableHandler[1];UnknownType Delete(UnknownType, UnknownType);UnknownType Delete(UnknownType, UnknownType);Delete
cs+class://OpenSim/Data/SQLite/SqliteItemHandler;cs+class://OpenSim/Data/SQLite/SqliteInventoryHandler[1];UnknownType Delete(UnknownType, UnknownType);UnknownType Delete(UnknownType, UnknownType);Delete
cs+class://OpenSim/Data/Tests/AssetTests[2];cs+class://OpenSim/Data/Tests/BasicDataServiceTest[2];UnknownType InitService(UnknownType);UnknownType InitService(UnknownType);Init
cs+class://OpenSim/Data/Tests/EstateTests[2];cs+class://OpenSim/Data/Tests/BasicDataServiceTest[2];UnknownType InitService(UnknownType);UnknownType InitService(UnknownType);Init
cs+class://OpenSim/Data/Tests/InventoryTests[2];cs+class://OpenSim/Data/Tests/BasicDataServiceTest[2];UnknownType InitService(UnknownType);UnknownType InitService(UnknownType);Init
cs+class://OpenSim/Data/Tests/RegionTests[2];cs+class://OpenSim/Data/Tests/BasicDataServiceTest[2];UnknownType InitService(UnknownType);UnknownType InitService(UnknownType);Init
cs+class://OpenSim/Framework/Console/CommandConsole;cs+class://OpenSim/Framework/Console/ConsoleBase;UnknownType ReadLine(UnknownType, UnknownType, UnknownType);UnknownType ReadLine(UnknownType, UnknownType, UnknownType);CmdPrompt
cs+class://OpenSim/Framework/Console/CommandConsole;cs+class://OpenSim/Framework/Console/ConsoleBase;UnknownType ReadLine(UnknownType, UnknownType, UnknownType);UnknownType ReadLine(UnknownType, UnknownType, UnknownType);CmdPrompt
cs+class://OpenSim/Framework/Console/CommandConsole;cs+class://OpenSim/Framework/Console/ConsoleBase;UnknownType ReadLine(UnknownType, UnknownType, UnknownType);UnknownType ReadLine(UnknownType, UnknownType, UnknownType);PasswdPrompt
cs+class://OpenSim/Framework/Console/LocalConsole;cs+class://OpenSim/Framework/Console/CommandConsole;UnknownType Output(UnknownType);UnknownType Output(UnknownType);Help
cs+class://OpenSim/Framework/Console/LocalConsole;cs+class://OpenSim/Framework/Console/CommandConsole;UnknownType ReadLine(UnknownType, UnknownType, UnknownType);UnknownType ReadLine(UnknownType, UnknownType, UnknownType);Prompt
cs+class://OpenSim/Framework/Console/LocalConsole;cs+class://OpenSim/Framework/Console/CommandConsole;UnknownType Output(UnknownType);UnknownType Output(UnknownType);Prompt
cs+class://OpenSim/Framework/Console/LocalConsole;cs+class://OpenSim/Framework/Console/CommandConsole;UnknownType Output(UnknownType);UnknownType Output(UnknownType);Output
cs+class://OpenSim/Framework/Console/LocalConsole;cs+class://OpenSim/Framework/Console/CommandConsole;UnknownType Output(UnknownType);UnknownType Output(UnknownType);OutputFormat
cs+class://OpenSim/Framework/Console/LocalConsole;cs+class://OpenSim/Framework/Console/CommandConsole;UnknownType ReadLine(UnknownType, UnknownType, UnknownType);UnknownType ReadLine(UnknownType, UnknownType, UnknownType);CmdPrompt
cs+class://OpenSim/Framework/Console/LocalConsole;cs+class://OpenSim/Framework/Console/CommandConsole;UnknownType ReadLine(UnknownType, UnknownType, UnknownType);UnknownType ReadLine(UnknownType, UnknownType, UnknownType);CmdPrompt
cs+class://OpenSim/Framework/Console/LocalConsole;cs+class://OpenSim/Framework/Console/CommandConsole;UnknownType ReadLine(UnknownType, UnknownType, UnknownType);UnknownType ReadLine(UnknownType, UnknownType, UnknownType);PasswdPrompt
cs+class://OpenSim/Framework/Console/RemoteConsole;cs+class://OpenSim/Framework/Console/CommandConsole;UnknownType Output(UnknownType);UnknownType Output(UnknownType);Help
cs+class://OpenSim/Framework/Console/RemoteConsole;cs+class://OpenSim/Framework/Console/CommandConsole;UnknownType ReadLine(UnknownType, UnknownType, UnknownType);UnknownType ReadLine(UnknownType, UnknownType, UnknownType);Prompt
cs+class://OpenSim/Framework/Console/RemoteConsole;cs+class://OpenSim/Framework/Console/CommandConsole;UnknownType Output(UnknownType);UnknownType Output(UnknownType);Prompt
cs+class://OpenSim/Framework/Console/RemoteConsole;cs+class://OpenSim/Framework/Console/CommandConsole;UnknownType Output(UnknownType);UnknownType Output(UnknownType);Output
cs+class://OpenSim/Framework/Console/RemoteConsole;cs+class://OpenSim/Framework/Console/CommandConsole;UnknownType Output(UnknownType);UnknownType Output(UnknownType);OutputFormat
cs+class://OpenSim/Framework/Console/RemoteConsole;cs+class://OpenSim/Framework/Console/CommandConsole;UnknownType ReadLine(UnknownType, UnknownType, UnknownType);UnknownType ReadLine(UnknownType, UnknownType, UnknownType);CmdPrompt
cs+class://OpenSim/Framework/Console/RemoteConsole;cs+class://OpenSim/Framework/Console/CommandConsole;UnknownType ReadLine(UnknownType, UnknownType, UnknownType);UnknownType ReadLine(UnknownType, UnknownType, UnknownType);CmdPrompt
cs+class://OpenSim/Framework/Console/RemoteConsole;cs+class://OpenSim/Framework/Console/CommandConsole;UnknownType ReadLine(UnknownType, UnknownType, UnknownType);UnknownType ReadLine(UnknownType, UnknownType, UnknownType);PasswdPrompt
cs+class://OpenSim/Framework/Servers/BaseOpenSimServer;cs+class://OpenSim/Framework/Servers/ServerBase;UnknownType ShutdownSpecific();UnknownType ShutdownSpecific();Shutdown
cs+class://OpenSim/Framework/Servers/HttpServer/BinaryStreamHandler;cs+class://OpenSim/Framework/Servers/HttpServer/BaseStreamHandler;UnknownType ProcessRequest(UnknownType, UnknownType, IOSHttpRequest, IOSHttpResponse);UnknownType ProcessRequest(UnknownType, UnknownType, IOSHttpRequest, IOSHttpResponse);Handle
cs+class://OpenSim/Framework/Servers/HttpServer/RestDeserialiseHandler[2];cs+class://OpenSim/Framework/Servers/HttpServer/BaseOutputStreamHandler;UnknownType ProcessRequest(UnknownType, UnknownType, UnknownType, IOSHttpRequest, IOSHttpResponse);UnknownType ProcessRequest(UnknownType, UnknownType, UnknownType, IOSHttpRequest, IOSHttpResponse);Handle
cs+class://OpenSim/Framework/Servers/HttpServer/RestDeserialiseSecureHandler[2];cs+class://OpenSim/Framework/Servers/HttpServer/BaseOutputStreamHandler;UnknownType ProcessRequest(UnknownType, UnknownType, UnknownType, IOSHttpRequest, IOSHttpResponse);UnknownType ProcessRequest(UnknownType, UnknownType, UnknownType, IOSHttpRequest, IOSHttpResponse);Handle
cs+class://OpenSim/Framework/Servers/HttpServer/RestDeserialiseTrustedHandler[2];cs+class://OpenSim/Framework/Servers/HttpServer/BaseOutputStreamHandler;UnknownType ProcessRequest(UnknownType, UnknownType, UnknownType, IOSHttpRequest, IOSHttpResponse);UnknownType ProcessRequest(UnknownType, UnknownType, UnknownType, IOSHttpRequest, IOSHttpResponse);Handle
cs+class://OpenSim/Framework/Servers/HttpServer/RestStreamHandler;cs+class://OpenSim/Framework/Servers/HttpServer/BaseStreamHandler;UnknownType ProcessRequest(UnknownType, UnknownType, IOSHttpRequest, IOSHttpResponse);UnknownType ProcessRequest(UnknownType, UnknownType, IOSHttpRequest, IOSHttpResponse);Handle
cs+class://OpenSim/Region/ClientStack/RegionApplicationBase;cs+class://OpenSim/Framework/Servers/BaseOpenSimServer;UnknownType StartupSpecific();UnknownType StartupSpecific();Startup
cs+class://OpenSim/Region/ClientStack/Linden/ConsoleHandler;cs+class://OpenSim/Framework/Servers/HttpServer/BaseStreamHandler;UnknownType ProcessRequest(UnknownType, UnknownType, IOSHttpRequest, IOSHttpResponse);UnknownType ProcessRequest(UnknownType, UnknownType, IOSHttpRequest, IOSHttpResponse);Handle
cs+class://OpenSim/Region/ClientStack/LindenUDP/LLUDPServer;cs+class://OpenMetaverse/OpenSimUDPBase;UnknownType PacketReceived(UnknownType);UnknownType PacketReceived(UnknownType);AsyncEndReceive
cs+class://OpenSim/Region/ClientStack/LindenUDP/Tests/MockScene;cs+class://OpenSim/Region/Framework/Scenes/SceneBase;UnknownType TryGetScenePresence(UnknownType, UnknownType);UnknownType TryGetScenePresence(UnknownType, UnknownType);TryGetScenePresence
cs+class://OpenSim/Region/ClientStack/LindenUDP/Tests/TestLLUDPServer;cs+class://OpenSim/Region/ClientStack/LindenUDP/LLUDPServer;UnknownType SendPacket(LLUDPClient, UnknownType, UnknownType, UnknownType, UnknownType);UnknownType SendPacket(LLUDPClient, UnknownType, UnknownType, UnknownType, UnknownType);SendAcks
cs+class://OpenSim/Region/ClientStack/LindenUDP/Tests/TestLLUDPServer;cs+class://OpenSim/Region/ClientStack/LindenUDP/LLUDPServer;UnknownType SendPacket(LLUDPClient, UnknownType, UnknownType, UnknownType, UnknownType);UnknownType SendPacket(LLUDPClient, UnknownType, UnknownType, UnknownType, UnknownType);SendPing
cs+class://OpenSim/Region/ClientStack/LindenUDP/Tests/TestLLUDPServer;cs+class://OpenSim/Region/ClientStack/LindenUDP/LLUDPServer;UnknownType SendPacket(LLUDPClient, UnknownType, UnknownType, UnknownType, UnknownType);UnknownType SendPacket(LLUDPClient, UnknownType, UnknownType, UnknownType, UnknownType);CompletePing
cs+class://OpenSim/Region/CoreModules/Avatar/Friends/FriendsRequestHandler;cs+class://OpenSim/Framework/Servers/HttpServer/BaseStreamHandlerBasicDOSProtector;UnknownType ProcessRequest(UnknownType, UnknownType, IOSHttpRequest, IOSHttpResponse);UnknownType ProcessRequest(UnknownType, UnknownType, IOSHttpRequest, IOSHttpResponse);Handle
cs+class://OpenSim/Region/CoreModules/Avatar/Friends/HGFriendsModule;cs+class://OpenSim/Region/CoreModules/Avatar/Friends/FriendsModule;UnknownType InitModule(UnknownType);UnknownType InitModule(UnknownType);Initialise
cs+class://OpenSim/Region/CoreModules/Avatar/Friends/HGFriendsModule;cs+class://OpenSim/Region/CoreModules/Avatar/Friends/FriendsModule;FriendInfo GetFriend(UnknownType, UnknownType);FriendInfo GetFriend(UnknownType, UnknownType);GetRightsGrantedByFriend
cs+class://OpenSim/Region/CoreModules/Avatar/Friends/HGFriendsModule;cs+class://OpenSim/Region/CoreModules/Avatar/Friends/FriendsModule;UnknownType CacheFriends(IClientAPI);UnknownType CacheFriends(IClientAPI);OnNewClient
cs+class://OpenSim/Region/CoreModules/Avatar/Friends/HGFriendsModule;cs+class://OpenSim/Region/CoreModules/Avatar/Friends/FriendsModule;UnknownType GetFriendsFromService(IClientAPI);UnknownType GetFriendsFromService(IClientAPI);CacheFriends
cs+class://OpenSim/Region/CoreModules/Avatar/Friends/HGFriendsModule;cs+class://OpenSim/Region/CoreModules/Avatar/Friends/FriendsModule;UnknownType GetAgentInfo(UnknownType, UnknownType, UnknownType, UnknownType, UnknownType);UnknownType GetAgentInfo(UnknownType, UnknownType, UnknownType, UnknownType, UnknownType);SendFriendsOnlineIfNeeded
cs+class://OpenSim/Region/CoreModules/Avatar/Friends/HGFriendsModule;cs+class://OpenSim/Region/CoreModules/Avatar/Friends/FriendsModule;UnknownType FriendshipMessage(UnknownType);UnknownType FriendshipMessage(UnknownType);SendFriendsOnlineIfNeeded
cs+class://OpenSim/Region/CoreModules/Avatar/Friends/HGFriendsModule;cs+class://OpenSim/Region/CoreModules/Avatar/Friends/FriendsModule;UnknownType LocalFriendshipOffered(UnknownType, GridInstantMessage);UnknownType LocalFriendshipOffered(UnknownType, GridInstantMessage);SendFriendsOnlineIfNeeded
cs+class://OpenSim/Region/CoreModules/Avatar/Friends/HGFriendsModule;cs+class://OpenSim/Region/CoreModules/Avatar/Friends/FriendsModule;UnknownType GetOnlineFriends(UnknownType, UnknownType, UnknownType);UnknownType GetOnlineFriends(UnknownType, UnknownType, UnknownType);GetOnlineFriends
cs+class://OpenSim/Region/CoreModules/Avatar/Friends/HGFriendsModule;cs+class://OpenSim/Region/CoreModules/Avatar/Friends/FriendsModule;UnknownType StatusNotify(UnknownType, UnknownType, UnknownType);UnknownType StatusNotify(UnknownType, UnknownType, UnknownType);StatusChange
cs+class://OpenSim/Region/CoreModules/Avatar/Friends/HGFriendsModule;cs+class://OpenSim/Region/CoreModules/Avatar/Friends/FriendsModule;FriendInfo GetFriend(UnknownType, UnknownType);FriendInfo GetFriend(UnknownType, UnknownType);OnInstantMessage
cs+class://OpenSim/Region/CoreModules/Avatar/Friends/HGFriendsModule;cs+class://OpenSim/Region/CoreModules/Avatar/Friends/FriendsModule;UnknownType StoreBackwards(UnknownType, UnknownType);UnknownType StoreBackwards(UnknownType, UnknownType);OnInstantMessage
cs+class://OpenSim/Region/CoreModules/Avatar/Friends/HGFriendsModule;cs+class://OpenSim/Region/CoreModules/Avatar/Friends/FriendsModule;UnknownType ForwardFriendshipOffer(UnknownType, UnknownType, GridInstantMessage);UnknownType ForwardFriendshipOffer(UnknownType, UnknownType, GridInstantMessage);OnInstantMessage
cs+class://OpenSim/Region/CoreModules/Avatar/Friends/HGFriendsModule;cs+class://OpenSim/Region/CoreModules/Avatar/Friends/FriendsModule;UnknownType GetFriendshipRequesterName(UnknownType);UnknownType GetFriendshipRequesterName(UnknownType);ForwardFriendshipOffer
cs+class://OpenSim/Region/CoreModules/Avatar/Friends/HGFriendsModule;cs+class://OpenSim/Region/CoreModules/Avatar/Friends/FriendsModule;UnknownType LocalFriendshipOffered(UnknownType, GridInstantMessage);UnknownType LocalFriendshipOffered(UnknownType, GridInstantMessage);ForwardFriendshipOffer
cs+class://OpenSim/Region/CoreModules/Avatar/Friends/HGFriendsModule;cs+class://OpenSim/Region/CoreModules/Avatar/Friends/FriendsModule;UnknownType StoreFriendships(UnknownType, UnknownType);UnknownType StoreFriendships(UnknownType, UnknownType);AddFriendship
cs+class://OpenSim/Region/CoreModules/Avatar/Friends/HGFriendsModule;cs+class://OpenSim/Region/CoreModules/Avatar/Friends/FriendsModule;UnknownType DeleteFriendship(UnknownType, UnknownType);UnknownType DeleteFriendship(UnknownType, UnknownType);OnDenyFriendRequest
cs+class://OpenSim/Region/CoreModules/Avatar/Friends/HGFriendsModule;cs+class://OpenSim/Region/CoreModules/Avatar/Friends/FriendsModule;UnknownType DeleteFriendship(UnknownType, UnknownType);UnknownType DeleteFriendship(UnknownType, UnknownType);RemoveFriendship
cs+class://OpenSim/Region/CoreModules/Avatar/Friends/HGFriendsModule;cs+class://OpenSim/Region/CoreModules/Avatar/Friends/FriendsModule;FriendInfo GetFriend(UnknownType, UnknownType);FriendInfo GetFriend(UnknownType, UnknownType);GrantRights
cs+class://OpenSim/Region/CoreModules/Avatar/Friends/HGFriendsModule;cs+class://OpenSim/Region/CoreModules/Avatar/Friends/FriendsModule;UnknownType StoreRights(UnknownType, UnknownType, UnknownType);UnknownType StoreRights(UnknownType, UnknownType, UnknownType);GrantRights
cs+class://OpenSim/Region/CoreModules/Avatar/Friends/HGFriendsModule;cs+class://OpenSim/Region/CoreModules/Avatar/Friends/FriendsModule;FriendInfo GetFriend(UnknownType, UnknownType);FriendInfo GetFriend(UnknownType, UnknownType);UpdateLocalCache
cs+class://OpenSim/Region/CoreModules/Avatar/Friends/HGFriendsModule;cs+class://OpenSim/Region/CoreModules/Avatar/Friends/FriendsModule;UnknownType GetFriendsFromService(IClientAPI);UnknownType GetFriendsFromService(IClientAPI);RecacheFriends
cs+class://OpenSim/Region/CoreModules/Framework/EntityTransfer/HGEntityTransferModule;cs+class://OpenSim/Region/CoreModules/Framework/EntityTransfer/EntityTransferModule;GridRegion GetFinalDestination(GridRegion, UnknownType, UnknownType, UnknownType);GridRegion GetFinalDestination(GridRegion, UnknownType, UnknownType, UnknownType);TeleportAgentToDifferentRegion
cs+class://OpenSim/Region/CoreModules/Framework/EntityTransfer/HGEntityTransferModule;cs+class://OpenSim/Region/CoreModules/Framework/EntityTransfer/EntityTransferModule;UnknownType ValidateGenericConditions(ScenePresence, GridRegion, GridRegion, UnknownType, UnknownType);UnknownType ValidateGenericConditions(ScenePresence, GridRegion, GridRegion, UnknownType, UnknownType);TeleportAgentToDifferentRegion
cs+class://OpenSim/Region/CoreModules/Framework/EntityTransfer/HGEntityTransferModule;cs+class://OpenSim/Region/CoreModules/Framework/EntityTransfer/EntityTransferModule;UnknownType CreateAgent(ScenePresence, GridRegion, GridRegion, AgentCircuitData, UnknownType, UnknownType, UnknownType);UnknownType CreateAgent(ScenePresence, GridRegion, GridRegion, AgentCircuitData, UnknownType, UnknownType, UnknownType);TransferAgent_V1
cs+class://OpenSim/Region/CoreModules/Framework/EntityTransfer/HGEntityTransferModule;cs+class://OpenSim/Region/CoreModules/Framework/EntityTransfer/EntityTransferModule;UnknownType AgentHasMovedAway(ScenePresence, UnknownType);UnknownType AgentHasMovedAway(ScenePresence, UnknownType);TransferAgent_V1
cs+class://OpenSim/Region/CoreModules/Framework/EntityTransfer/HGEntityTransferModule;cs+class://OpenSim/Region/CoreModules/Framework/EntityTransfer/EntityTransferModule;UnknownType NeedsClosing(UnknownType, UnknownType, UnknownType, UnknownType, UnknownType, GridRegion);UnknownType NeedsClosing(UnknownType, UnknownType, UnknownType, UnknownType, UnknownType, GridRegion);TransferAgent_V1
cs+class://OpenSim/Region/CoreModules/Framework/EntityTransfer/HGEntityTransferModule;cs+class://OpenSim/Region/CoreModules/Framework/EntityTransfer/EntityTransferModule;UnknownType CreateAgent(ScenePresence, GridRegion, GridRegion, AgentCircuitData, UnknownType, UnknownType, UnknownType);UnknownType CreateAgent(ScenePresence, GridRegion, GridRegion, AgentCircuitData, UnknownType, UnknownType, UnknownType);TransferAgent_V2
cs+class://OpenSim/Region/CoreModules/Framework/EntityTransfer/HGEntityTransferModule;cs+class://OpenSim/Region/CoreModules/Framework/EntityTransfer/EntityTransferModule;UnknownType AgentHasMovedAway(ScenePresence, UnknownType);UnknownType AgentHasMovedAway(ScenePresence, UnknownType);TransferAgent_V2
cs+class://OpenSim/Region/CoreModules/Framework/EntityTransfer/HGEntityTransferModule;cs+class://OpenSim/Region/CoreModules/Framework/EntityTransfer/EntityTransferModule;UnknownType NeedsClosing(UnknownType, UnknownType, UnknownType, UnknownType, UnknownType, GridRegion);UnknownType NeedsClosing(UnknownType, UnknownType, UnknownType, UnknownType, UnknownType, GridRegion);TransferAgent_V2
cs+class://OpenSim/Region/CoreModules/Framework/EntityTransfer/HGEntityTransferModule;cs+class://OpenSim/Region/CoreModules/Framework/EntityTransfer/EntityTransferModule;UnknownType TeleportHome(UnknownType, IClientAPI);UnknownType TeleportHome(UnknownType, IClientAPI);TriggerTeleportHome
cs+class://OpenSim/Region/CoreModules/Framework/EntityTransfer/HGEntityTransferModule;cs+class://OpenSim/Region/CoreModules/Framework/EntityTransfer/EntityTransferModule;UnknownType AgentHasMovedAway(ScenePresence, UnknownType);UnknownType AgentHasMovedAway(ScenePresence, UnknownType);CrossAgentToNewRegionPost
cs+class://OpenSim/Region/CoreModules/Framework/InventoryAccess/HGInventoryAccessModule;cs+class://OpenSim/Region/CoreModules/Framework/InventoryAccess/BasicInventoryAccessModule;UnknownType GenerateLandmark(ScenePresence, UnknownType, UnknownType);UnknownType GenerateLandmark(ScenePresence, UnknownType, UnknownType);CreateNewInventoryItem
cs+class://OpenSim/Region/CoreModules/Framework/InventoryAccess/HGInventoryAccessModule;cs+class://OpenSim/Region/CoreModules/Framework/InventoryAccess/BasicInventoryAccessModule;UnknownType ExportAsset(UnknownType, UnknownType);UnknownType ExportAsset(UnknownType, UnknownType);CopyBundleToInventory
cs+class://OpenSim/Region/CoreModules/Framework/InventoryAccess/HGInventoryAccessModule;cs+class://OpenSim/Region/CoreModules/Framework/InventoryAccess/BasicInventoryAccessModule;InventoryItemBase GetItem(UnknownType, UnknownType);InventoryItemBase GetItem(UnknownType, UnknownType);CanGetAgentInventoryItem
cs+class://OpenSim/Region/CoreModules/Framework/UserManagement/HGUserManagementModule;cs+class://OpenSim/Region/CoreModules/Framework/UserManagement/UserManagementModule;UnknownType AddAdditionalUsers(UnknownType, UnknownType);UnknownType AddAdditionalUsers(UnknownType, UnknownType);GetUserData
cs+class://OpenSim/Region/CoreModules/Hypergrid/HGWorldMapModule;cs+class://OpenSim/Region/CoreModules/World/WorldMap/WorldMapModule;UnknownType GetAndSendBlocks(IClientAPI, UnknownType, UnknownType, UnknownType, UnknownType, UnknownType);UnknownType GetAndSendBlocks(IClientAPI, UnknownType, UnknownType, UnknownType, UnknownType, UnknownType);RequestMapBlocks
cs+class://OpenSim/Region/CoreModules/ServiceConnectorsOut/Asset/RemoteAssetServicesConnector;cs+class://OpenSim/Services/Connectors/AssetServicesConnector;UnknownType Initialise(UnknownType);UnknownType Initialise(UnknownType);(field initializer)
cs+class://OpenSim/Region/CoreModules/ServiceConnectorsOut/Authentication/RemoteAuthenticationServicesConnector;cs+class://OpenSim/Services/Connectors/AuthenticationServicesConnector;UnknownType Initialise(UnknownType);UnknownType Initialise(UnknownType);(field initializer)
cs+class://OpenSim/Region/CoreModules/ServiceConnectorsOut/Authorization/RemoteAuthorizationServicesConnector;cs+class://OpenSim/Services/Connectors/AuthorizationServicesConnector;UnknownType Initialise(UnknownType);UnknownType Initialise(UnknownType);(field initializer)
cs+class://OpenSim/Region/CoreModules/ServiceConnectorsOut/Avatar/RemoteAvatarServicesConnector;cs+class://OpenSim/Services/Connectors/AvatarServicesConnector;UnknownType Initialise(UnknownType);UnknownType Initialise(UnknownType);(field initializer)
cs+class://OpenSim/Region/CoreModules/ServiceConnectorsOut/UserAccounts/RemoteUserAccountServicesConnector;cs+class://OpenSim/Services/Connectors/UserAccountServicesConnector;UnknownType Initialise(UnknownType);UnknownType Initialise(UnknownType);(field initializer)
cs+class://OpenSim/Region/CoreModules/World/Estate/EstateRequestHandler;cs+class://OpenSim/Framework/Servers/HttpServer/BaseStreamHandler;UnknownType ProcessRequest(UnknownType, UnknownType, IOSHttpRequest, IOSHttpResponse);UnknownType ProcessRequest(UnknownType, UnknownType, IOSHttpRequest, IOSHttpResponse);Handle
cs+class://OpenSim/Region/Framework/Scenes/RegionStatsHandler;cs+class://OpenSim/Framework/Servers/HttpServer/BaseStreamHandler;UnknownType ProcessRequest(UnknownType, UnknownType, IOSHttpRequest, IOSHttpResponse);UnknownType ProcessRequest(UnknownType, UnknownType, IOSHttpRequest, IOSHttpResponse);Handle
cs+class://OpenSim/Region/Framework/Scenes/Scene;cs+class://OpenSim/Region/Framework/Scenes/SceneBase;UnknownType GetConfig();UnknownType GetConfig();(field initializer)
cs+class://OpenSim/Region/Framework/Scenes/Scene;cs+class://OpenSim/Region/Framework/Scenes/SceneBase;UnknownType TryGetScenePresence(UnknownType, UnknownType);UnknownType TryGetScenePresence(UnknownType, UnknownType);TryGetScenePresence
cs+class://OpenSim/Region/Framework/Scenes/HGUuidGatherer;cs+class://OpenSim/Region/Framework/Scenes/UuidGatherer;AssetBase GetAsset(UnknownType);AssetBase GetAsset(UnknownType);GetTextEmbeddedAssetUuids
cs+class://OpenSim/Region/Framework/Scenes/HGUuidGatherer;cs+class://OpenSim/Region/Framework/Scenes/UuidGatherer;AssetBase GetAsset(UnknownType);AssetBase GetAsset(UnknownType);GetWearableAssetUuids
cs+class://OpenSim/Region/Framework/Scenes/HGUuidGatherer;cs+class://OpenSim/Region/Framework/Scenes/UuidGatherer;AssetBase GetAsset(UnknownType);AssetBase GetAsset(UnknownType);GetSceneObjectAssetUuids
cs+class://OpenSim/Region/Framework/Scenes/HGUuidGatherer;cs+class://OpenSim/Region/Framework/Scenes/UuidGatherer;AssetBase GetAsset(UnknownType);AssetBase GetAsset(UnknownType);GetGestureAssetUuids
cs+class://OpenSim/Region/Framework/Scenes/HGUuidGatherer;cs+class://OpenSim/Region/Framework/Scenes/UuidGatherer;AssetBase GetAsset(UnknownType);AssetBase GetAsset(UnknownType);GetMaterialAssetUuids
cs+class://OpenSim/Region/OptionalModules/ViewerSupport/MenuActionHandler;cs+class://OpenSim/Framework/Servers/HttpServer/BaseStreamHandler;UnknownType ProcessRequest(UnknownType, UnknownType, IOSHttpRequest, IOSHttpResponse);UnknownType ProcessRequest(UnknownType, UnknownType, IOSHttpRequest, IOSHttpResponse);Handle
cs+class://OpenSim/Region/OptionalModules/World/WorldView/WorldViewRequestHandler;cs+class://OpenSim/Framework/Servers/HttpServer/BaseStreamHandler;UnknownType ProcessRequest(UnknownType, UnknownType, IOSHttpRequest, IOSHttpResponse);UnknownType ProcessRequest(UnknownType, UnknownType, IOSHttpRequest, IOSHttpResponse);Handle
cs+class://OpenSim/Region/Physics/BasicPhysicsPlugin/BasicScene;cs+class://OpenSim/Region/Physics/Manager/PhysicsScene;UnknownType Initialise(IMesher, UnknownType);UnknownType Initialise(IMesher, UnknownType);Initialise
cs+class://OpenSim/Region/Physics/BasicPhysicsPlugin/BasicScene;cs+class://OpenSim/Region/Physics/Manager/PhysicsScene;PhysicsActor AddAvatar(UnknownType, UnknownType, UnknownType, UnknownType);PhysicsActor AddAvatar(UnknownType, UnknownType, UnknownType, UnknownType);AddAvatar
cs+class://OpenSim/Region/Physics/BasicPhysicsPlugin/BasicScene;cs+class://OpenSim/Region/Physics/Manager/PhysicsScene;PhysicsActor AddPrimShape(UnknownType, PrimitiveBaseShape, UnknownType, UnknownType, UnknownType, UnknownType, UnknownType);PhysicsActor AddPrimShape(UnknownType, PrimitiveBaseShape, UnknownType, UnknownType, UnknownType, UnknownType, UnknownType);AddPrimShape
cs+class://OpenSim/Region/Physics/BulletSPlugin/BSCharacter;cs+class://OpenSim/Region/Physics/BulletSPlugin/BSPhysObject;UnknownType AddAngularForce(UnknownType, UnknownType, UnknownType);UnknownType AddAngularForce(UnknownType, UnknownType, UnknownType);AddAngularForce
cs+class://OpenSim/Region/Physics/BulletSPlugin/BSLinksetCompound;cs+class://OpenSim/Region/Physics/BulletSPlugin/BSLinkset;UnknownType AddChildToLinkset(BSPrimLinkable);UnknownType AddChildToLinkset(BSPrimLinkable);AddMeToLinkset
cs+class://OpenSim/Region/Physics/BulletSPlugin/BSLinksetCompound;cs+class://OpenSim/Region/Physics/BulletSPlugin/BSLinkset;UnknownType RemoveChildFromLinkset(BSPrimLinkable, UnknownType);UnknownType RemoveChildFromLinkset(BSPrimLinkable, UnknownType);RemoveMeFromLinkset
cs+class://OpenSim/Region/Physics/BulletSPlugin/BSLinksetConstraints;cs+class://OpenSim/Region/Physics/BulletSPlugin/BSLinkset;UnknownType AddChildToLinkset(BSPrimLinkable);UnknownType AddChildToLinkset(BSPrimLinkable);AddMeToLinkset
cs+class://OpenSim/Region/Physics/BulletSPlugin/BSLinksetConstraints;cs+class://OpenSim/Region/Physics/BulletSPlugin/BSLinkset;UnknownType RemoveChildFromLinkset(BSPrimLinkable, UnknownType);UnknownType RemoveChildFromLinkset(BSPrimLinkable, UnknownType);RemoveMeFromLinkset
cs+class://OpenSim/Region/Physics/BulletSPlugin/BSPIDVMotor;cs+class://OpenSim/Region/Physics/BulletSPlugin/BSVMotor;UnknownType StepError(UnknownType, UnknownType);UnknownType StepError(UnknownType, UnknownType);Step
cs+class://OpenSim/Region/Physics/BulletSPlugin/BSPrim;cs+class://OpenSim/Region/Physics/BulletSPlugin/BSPhysObject;UnknownType SetMaterial(UnknownType);UnknownType SetMaterial(UnknownType);(field initializer)
cs+class://OpenSim/Region/Physics/BulletSPlugin/BSPrim;cs+class://OpenSim/Region/Physics/BulletSPlugin/BSPhysObject;UnknownType AddAngularForce(UnknownType, UnknownType, UnknownType);UnknownType AddAngularForce(UnknownType, UnknownType, UnknownType);AddAngularForce
cs+class://OpenSim/Region/Physics/BulletSPlugin/BSPrimLinkable;cs+class://OpenSim/Region/Physics/BulletSPlugin/BSPrimDisplaced;UnknownType UpdatePhysicalParameters();UnknownType UpdatePhysicalParameters();LockAngularMotion
cs+class://OpenSim/Region/Physics/BulletSPlugin/BSPrimLinkable;cs+class://OpenSim/Region/Physics/BulletSPlugin/BSPrimDisplaced;UnknownType UpdatePhysicalParameters();UnknownType UpdatePhysicalParameters();SetMaterial
cs+class://OpenSim/Region/Physics/BulletSPlugin/BSPrimLinkable;cs+class://OpenSim/Region/Physics/BulletSPlugin/BSPrimDisplaced;UnknownType UpdatePhysicalParameters();UnknownType UpdatePhysicalParameters();(field initializer)
cs+class://OpenSim/Region/Physics/BulletSPlugin/BSPrimLinkable;cs+class://OpenSim/Region/Physics/BulletSPlugin/BSPrimDisplaced;UnknownType UpdatePhysicalParameters();UnknownType UpdatePhysicalParameters();(field initializer)
cs+class://OpenSim/Region/Physics/BulletSPlugin/BSPrimLinkable;cs+class://OpenSim/Region/Physics/BulletSPlugin/BSPrimDisplaced;UnknownType UpdatePhysicalParameters();UnknownType UpdatePhysicalParameters();(field initializer)
cs+class://OpenSim/Region/Physics/BulletSPlugin/BSPrimLinkable;cs+class://OpenSim/Region/Physics/BulletSPlugin/BSPrimDisplaced;UnknownType UpdatePhysicalParameters();UnknownType UpdatePhysicalParameters();(field initializer)
cs+class://OpenSim/Region/Physics/BulletSPlugin/BSPrimLinkable;cs+class://OpenSim/Region/Physics/BulletSPlugin/BSPrimDisplaced;UnknownType MakeDynamic(UnknownType);UnknownType MakeDynamic(UnknownType);UpdatePhysicalParameters
cs+class://OpenSim/Region/Physics/BulletSPlugin/BSPrimLinkable;cs+class://OpenSim/Region/Physics/BulletSPlugin/BSPrimDisplaced;UnknownType RemoveDependencies();UnknownType RemoveDependencies();CreateGeomAndObject
cs+class://OpenSim/Region/Physics/BulletSPlugin/BSPrimLinkable;cs+class://OpenSim/Region/Physics/BulletSPlugin/BSPrimDisplaced;UnknownType UpdatePhysicalParameters();UnknownType UpdatePhysicalParameters();CreateGeomAndObject
cs+class://OpenSim/Region/Physics/BulletSPlugin/BSScene;cs+class://OpenSim/Region/Physics/Manager/PhysicsScene;UnknownType Initialise(IMesher, UnknownType);UnknownType Initialise(IMesher, UnknownType);Initialise
cs+class://OpenSim/Region/Physics/BulletSPlugin/BSScene;cs+class://OpenSim/Region/Physics/Manager/PhysicsScene;PhysicsActor AddAvatar(UnknownType, UnknownType, UnknownType, UnknownType);PhysicsActor AddAvatar(UnknownType, UnknownType, UnknownType, UnknownType);AddAvatar
cs+class://OpenSim/Region/Physics/BulletSPlugin/BSScene;cs+class://OpenSim/Region/Physics/Manager/PhysicsScene;PhysicsActor AddPrimShape(UnknownType, PrimitiveBaseShape, UnknownType, UnknownType, UnknownType, UnknownType, UnknownType);PhysicsActor AddPrimShape(UnknownType, PrimitiveBaseShape, UnknownType, UnknownType, UnknownType, UnknownType, UnknownType);AddPrimShape
cs+class://OpenSim/Region/Physics/Manager/NullPhysicsScene;cs+class://OpenSim/Region/Physics/Manager/PhysicsScene;UnknownType Initialise(IMesher, UnknownType);UnknownType Initialise(IMesher, UnknownType);Initialise
cs+class://OpenSim/Region/Physics/Manager/NullPhysicsScene;cs+class://OpenSim/Region/Physics/Manager/PhysicsScene;PhysicsActor AddAvatar(UnknownType, UnknownType, UnknownType, UnknownType);PhysicsActor AddAvatar(UnknownType, UnknownType, UnknownType, UnknownType);AddAvatar
cs+class://OpenSim/Region/Physics/Manager/NullPhysicsScene;cs+class://OpenSim/Region/Physics/Manager/PhysicsScene;PhysicsActor AddPrimShape(UnknownType, PrimitiveBaseShape, UnknownType, UnknownType, UnknownType, UnknownType, UnknownType);PhysicsActor AddPrimShape(UnknownType, PrimitiveBaseShape, UnknownType, UnknownType, UnknownType, UnknownType, UnknownType);AddPrimShape
cs+class://OpenSim/Region/Physics/OdePlugin/OdeScene;cs+class://OpenSim/Region/Physics/Manager/PhysicsScene;UnknownType Initialise(IMesher, UnknownType);UnknownType Initialise(IMesher, UnknownType);Initialise
cs+class://OpenSim/Region/Physics/OdePlugin/OdeScene;cs+class://OpenSim/Region/Physics/Manager/PhysicsScene;PhysicsActor AddAvatar(UnknownType, UnknownType, UnknownType, UnknownType);PhysicsActor AddAvatar(UnknownType, UnknownType, UnknownType, UnknownType);AddAvatar
cs+class://OpenSim/Region/Physics/OdePlugin/OdeScene;cs+class://OpenSim/Region/Physics/Manager/PhysicsScene;PhysicsActor AddPrimShape(UnknownType, PrimitiveBaseShape, UnknownType, UnknownType, UnknownType, UnknownType, UnknownType);PhysicsActor AddPrimShape(UnknownType, PrimitiveBaseShape, UnknownType, UnknownType, UnknownType, UnknownType, UnknownType);AddPrimShape
cs+class://OpenSim/Region/Physics/POSPlugin/POSScene;cs+class://OpenSim/Region/Physics/Manager/PhysicsScene;UnknownType Initialise(IMesher, UnknownType);UnknownType Initialise(IMesher, UnknownType);Initialise
cs+class://OpenSim/Region/Physics/POSPlugin/POSScene;cs+class://OpenSim/Region/Physics/Manager/PhysicsScene;PhysicsActor AddAvatar(UnknownType, UnknownType, UnknownType, UnknownType);PhysicsActor AddAvatar(UnknownType, UnknownType, UnknownType, UnknownType);AddAvatar
cs+class://OpenSim/Region/Physics/POSPlugin/POSScene;cs+class://OpenSim/Region/Physics/Manager/PhysicsScene;PhysicsActor AddPrimShape(UnknownType, PrimitiveBaseShape, UnknownType, UnknownType, UnknownType, UnknownType, UnknownType);PhysicsActor AddPrimShape(UnknownType, PrimitiveBaseShape, UnknownType, UnknownType, UnknownType, UnknownType, UnknownType);AddPrimShape
cs+class://OpenSim/Server/Base/HttpServerBase;cs+class://OpenSim/Server/Base/ServicesServerBase;UnknownType ReadConfig();UnknownType ReadConfig();(field initializer)
cs+class://OpenSim/Server/Base/HttpServerBase;cs+class://OpenSim/Server/Base/ServicesServerBase;UnknownType Initialise();UnknownType Initialise();(field initializer)
cs+class://OpenSim/Server/Base/ServicesServerBase;cs+class://OpenSim/Framework/Servers/ServerBase;UnknownType ShutdownSpecific();UnknownType ShutdownSpecific();Shutdown
cs+class://OpenSim/Server/Handlers/Asset/AssetServerDeleteHandler;cs+class://OpenSim/Framework/Servers/HttpServer/BaseStreamHandler;UnknownType ProcessRequest(UnknownType, UnknownType, IOSHttpRequest, IOSHttpResponse);UnknownType ProcessRequest(UnknownType, UnknownType, IOSHttpRequest, IOSHttpResponse);Handle
cs+class://OpenSim/Server/Handlers/Asset/AssetServerGetHandler;cs+class://OpenSim/Framework/Servers/HttpServer/BaseStreamHandler;UnknownType ProcessRequest(UnknownType, UnknownType, IOSHttpRequest, IOSHttpResponse);UnknownType ProcessRequest(UnknownType, UnknownType, IOSHttpRequest, IOSHttpResponse);Handle
cs+class://OpenSim/Server/Handlers/Asset/AssetServerPostHandler;cs+class://OpenSim/Framework/Servers/HttpServer/BaseStreamHandler;UnknownType ProcessRequest(UnknownType, UnknownType, IOSHttpRequest, IOSHttpResponse);UnknownType ProcessRequest(UnknownType, UnknownType, IOSHttpRequest, IOSHttpResponse);Handle
cs+class://OpenSim/Server/Handlers/Asset/AssetsExistHandler;cs+class://OpenSim/Framework/Servers/HttpServer/BaseStreamHandler;UnknownType ProcessRequest(UnknownType, UnknownType, IOSHttpRequest, IOSHttpResponse);UnknownType ProcessRequest(UnknownType, UnknownType, IOSHttpRequest, IOSHttpResponse);Handle
cs+class://OpenSim/Server/Handlers/Authentication/AuthenticationServerPostHandler;cs+class://OpenSim/Framework/Servers/HttpServer/BaseStreamHandler;UnknownType ProcessRequest(UnknownType, UnknownType, IOSHttpRequest, IOSHttpResponse);UnknownType ProcessRequest(UnknownType, UnknownType, IOSHttpRequest, IOSHttpResponse);Handle
cs+class://OpenSim/Server/Handlers/Authentication/OpenIdStreamHandler;cs+class://OpenSim/Framework/Servers/HttpServer/BaseOutputStreamHandler;UnknownType ProcessRequest(UnknownType, UnknownType, UnknownType, IOSHttpRequest, IOSHttpResponse);UnknownType ProcessRequest(UnknownType, UnknownType, UnknownType, IOSHttpRequest, IOSHttpResponse);Handle
cs+class://OpenSim/Server/Handlers/Authorization/AuthorizationServerPostHandler;cs+class://OpenSim/Framework/Servers/HttpServer/BaseStreamHandler;UnknownType ProcessRequest(UnknownType, UnknownType, IOSHttpRequest, IOSHttpResponse);UnknownType ProcessRequest(UnknownType, UnknownType, IOSHttpRequest, IOSHttpResponse);Handle
cs+class://OpenSim/Server/Handlers/Avatar/AvatarServerPostHandler;cs+class://OpenSim/Framework/Servers/HttpServer/BaseStreamHandler;UnknownType ProcessRequest(UnknownType, UnknownType, IOSHttpRequest, IOSHttpResponse);UnknownType ProcessRequest(UnknownType, UnknownType, IOSHttpRequest, IOSHttpResponse);Handle
cs+class://OpenSim/Server/Handlers/BakedTextures/BakesServerGetHandler;cs+class://OpenSim/Framework/Servers/HttpServer/BaseStreamHandler;UnknownType ProcessRequest(UnknownType, UnknownType, IOSHttpRequest, IOSHttpResponse);UnknownType ProcessRequest(UnknownType, UnknownType, IOSHttpRequest, IOSHttpResponse);Handle
cs+class://OpenSim/Server/Handlers/BakedTextures/BakesServerPostHandler;cs+class://OpenSim/Framework/Servers/HttpServer/BaseStreamHandler;UnknownType ProcessRequest(UnknownType, UnknownType, IOSHttpRequest, IOSHttpResponse);UnknownType ProcessRequest(UnknownType, UnknownType, IOSHttpRequest, IOSHttpResponse);Handle
cs+class://OpenSim/Server/Handlers/Friends/FriendsServerPostHandler;cs+class://OpenSim/Framework/Servers/HttpServer/BaseStreamHandler;UnknownType ProcessRequest(UnknownType, UnknownType, IOSHttpRequest, IOSHttpResponse);UnknownType ProcessRequest(UnknownType, UnknownType, IOSHttpRequest, IOSHttpResponse);Handle
cs+class://OpenSim/Server/Handlers/Grid/GridServerPostHandler;cs+class://OpenSim/Framework/Servers/HttpServer/BaseStreamHandler;UnknownType ProcessRequest(UnknownType, UnknownType, IOSHttpRequest, IOSHttpResponse);UnknownType ProcessRequest(UnknownType, UnknownType, IOSHttpRequest, IOSHttpResponse);Handle
cs+class://OpenSim/Server/Handlers/GridUser/GridUserServerPostHandler;cs+class://OpenSim/Framework/Servers/HttpServer/BaseStreamHandler;UnknownType ProcessRequest(UnknownType, UnknownType, IOSHttpRequest, IOSHttpResponse);UnknownType ProcessRequest(UnknownType, UnknownType, IOSHttpRequest, IOSHttpResponse);Handle
cs+class://OpenSim/Server/Handlers/Hypergrid/GatekeeperAgentHandler;cs+class://OpenSim/Server/Handlers/Simulation/AgentPostHandler;UnknownType CreateAgent(GridRegion, GridRegion, GridRegion, AgentCircuitData, UnknownType, UnknownType, UnknownType);UnknownType CreateAgent(GridRegion, GridRegion, GridRegion, AgentCircuitData, UnknownType, UnknownType, UnknownType);DoAgentPost
cs+class://OpenSim/Server/Handlers/Hypergrid/HeloServerHeadHandler;cs+class://OpenSim/Framework/Servers/HttpServer/BaseStreamHandler;UnknownType ProcessRequest(UnknownType, UnknownType, IOSHttpRequest, IOSHttpResponse);UnknownType ProcessRequest(UnknownType, UnknownType, IOSHttpRequest, IOSHttpResponse);Handle
cs+class://OpenSim/Server/Handlers/Hypergrid/HGFriendsServerPostHandler;cs+class://OpenSim/Framework/Servers/HttpServer/BaseStreamHandler;UnknownType ProcessRequest(UnknownType, UnknownType, IOSHttpRequest, IOSHttpResponse);UnknownType ProcessRequest(UnknownType, UnknownType, IOSHttpRequest, IOSHttpResponse);Handle
cs+class://OpenSim/Server/Handlers/Hypergrid/HomeAgentHandler;cs+class://OpenSim/Server/Handlers/Simulation/AgentPostHandler;AgentDestinationData CreateAgentDestinationData();AgentDestinationData CreateAgentDestinationData();DoAgentPost
cs+class://OpenSim/Server/Handlers/Hypergrid/HomeAgentHandler;cs+class://OpenSim/Server/Handlers/Simulation/AgentPostHandler;UnknownType UnpackData(UnknownType, AgentDestinationData, UnknownType);UnknownType UnpackData(UnknownType, AgentDestinationData, UnknownType);DoAgentPost
cs+class://OpenSim/Server/Handlers/Hypergrid/HomeAgentHandler;cs+class://OpenSim/Server/Handlers/Simulation/AgentPostHandler;GridRegion ExtractGatekeeper(AgentDestinationData);GridRegion ExtractGatekeeper(AgentDestinationData);DoAgentPost
cs+class://OpenSim/Server/Handlers/Hypergrid/HomeAgentHandler;cs+class://OpenSim/Server/Handlers/Simulation/AgentPostHandler;UnknownType CreateAgent(GridRegion, GridRegion, GridRegion, AgentCircuitData, UnknownType, UnknownType, UnknownType);UnknownType CreateAgent(GridRegion, GridRegion, GridRegion, AgentCircuitData, UnknownType, UnknownType, UnknownType);DoAgentPost
cs+class://OpenSim/Server/Handlers/Inventory/InventoryServerMoveItemsHandler;cs+class://OpenSim/Framework/Servers/HttpServer/BaseStreamHandler;UnknownType ProcessRequest(UnknownType, UnknownType, IOSHttpRequest, IOSHttpResponse);UnknownType ProcessRequest(UnknownType, UnknownType, IOSHttpRequest, IOSHttpResponse);Handle
cs+class://OpenSim/Server/Handlers/Asset/XInventoryConnectorPostHandler;cs+class://OpenSim/Framework/Servers/HttpServer/BaseStreamHandler;UnknownType ProcessRequest(UnknownType, UnknownType, IOSHttpRequest, IOSHttpResponse);UnknownType ProcessRequest(UnknownType, UnknownType, IOSHttpRequest, IOSHttpResponse);Handle
cs+class://OpenSim/Server/Handlers/MapImage/MapServerPostHandler;cs+class://OpenSim/Framework/Servers/HttpServer/BaseStreamHandler;UnknownType ProcessRequest(UnknownType, UnknownType, IOSHttpRequest, IOSHttpResponse);UnknownType ProcessRequest(UnknownType, UnknownType, IOSHttpRequest, IOSHttpResponse);Handle
cs+class://OpenSim/Server/Handlers/MapImage/MapServerGetHandler;cs+class://OpenSim/Framework/Servers/HttpServer/BaseStreamHandler;UnknownType ProcessRequest(UnknownType, UnknownType, IOSHttpRequest, IOSHttpResponse);UnknownType ProcessRequest(UnknownType, UnknownType, IOSHttpRequest, IOSHttpResponse);Handle
cs+class://OpenSim/Server/Handlers/Neighbour/NeighbourGetHandler;cs+class://OpenSim/Framework/Servers/HttpServer/BaseStreamHandler;UnknownType ProcessRequest(UnknownType, UnknownType, IOSHttpRequest, IOSHttpResponse);UnknownType ProcessRequest(UnknownType, UnknownType, IOSHttpRequest, IOSHttpResponse);Handle
cs+class://OpenSim/Server/Handlers/Neighbour/NeighbourPostHandler;cs+class://OpenSim/Framework/Servers/HttpServer/BaseStreamHandler;UnknownType ProcessRequest(UnknownType, UnknownType, IOSHttpRequest, IOSHttpResponse);UnknownType ProcessRequest(UnknownType, UnknownType, IOSHttpRequest, IOSHttpResponse);Handle
cs+class://OpenSim/Server/Handlers/Neighbour/NeighbourPutHandler;cs+class://OpenSim/Framework/Servers/HttpServer/BaseStreamHandler;UnknownType ProcessRequest(UnknownType, UnknownType, IOSHttpRequest, IOSHttpResponse);UnknownType ProcessRequest(UnknownType, UnknownType, IOSHttpRequest, IOSHttpResponse);Handle
cs+class://OpenSim/Server/Handlers/Neighbour/NeighbourDeleteHandler;cs+class://OpenSim/Framework/Servers/HttpServer/BaseStreamHandler;UnknownType ProcessRequest(UnknownType, UnknownType, IOSHttpRequest, IOSHttpResponse);UnknownType ProcessRequest(UnknownType, UnknownType, IOSHttpRequest, IOSHttpResponse);Handle
cs+class://OpenSim/Server/Handlers/Presence/PresenceServerPostHandler;cs+class://OpenSim/Framework/Servers/HttpServer/BaseStreamHandler;UnknownType ProcessRequest(UnknownType, UnknownType, IOSHttpRequest, IOSHttpResponse);UnknownType ProcessRequest(UnknownType, UnknownType, IOSHttpRequest, IOSHttpResponse);Handle
cs+class://OpenSim/Server/Handlers/Simulation/AgentPostHandler;cs+class://OpenSim/Framework/Servers/HttpServer/BaseStreamHandler;UnknownType ProcessRequest(UnknownType, UnknownType, IOSHttpRequest, IOSHttpResponse);UnknownType ProcessRequest(UnknownType, UnknownType, IOSHttpRequest, IOSHttpResponse);Handle
cs+class://OpenSim/Server/Handlers/Simulation/AgentPutHandler;cs+class://OpenSim/Framework/Servers/HttpServer/BaseStreamHandler;UnknownType ProcessRequest(UnknownType, UnknownType, IOSHttpRequest, IOSHttpResponse);UnknownType ProcessRequest(UnknownType, UnknownType, IOSHttpRequest, IOSHttpResponse);Handle
cs+class://OpenSim/Server/Handlers/UserAccounts/UserAccountServerPostHandler;cs+class://OpenSim/Framework/Servers/HttpServer/BaseStreamHandler;UnknownType ProcessRequest(UnknownType, UnknownType, IOSHttpRequest, IOSHttpResponse);UnknownType ProcessRequest(UnknownType, UnknownType, IOSHttpRequest, IOSHttpResponse);Handle
cs+class://OpenSim/Services/Connectors/Hypergrid/GatekeeperServiceConnector;cs+class://OpenSim/Services/Connectors/Simulation/SimulationServiceConnector;UnknownType AgentPath();UnknownType AgentPath();CreateAgent
cs+class://OpenSim/Services/Connectors/Hypergrid/GatekeeperServiceConnector;cs+class://OpenSim/Services/Connectors/Simulation/SimulationServiceConnector;UnknownType AgentPath();UnknownType AgentPath();UpdateAgent
cs+class://OpenSim/Services/Connectors/Hypergrid/GatekeeperServiceConnector;cs+class://OpenSim/Services/Connectors/Simulation/SimulationServiceConnector;UnknownType AgentPath();UnknownType AgentPath();UpdateAgent
cs+class://OpenSim/Services/Connectors/Hypergrid/GatekeeperServiceConnector;cs+class://OpenSim/Services/Connectors/Simulation/SimulationServiceConnector;UnknownType AgentPath();UnknownType AgentPath();QueryAccess
cs+class://OpenSim/Services/Connectors/Hypergrid/GatekeeperServiceConnector;cs+class://OpenSim/Services/Connectors/Simulation/SimulationServiceConnector;UnknownType AgentPath();UnknownType AgentPath();CloseAgent
cs+class://OpenSim/Services/Connectors/Hypergrid/GatekeeperServiceConnector;cs+class://OpenSim/Services/Connectors/Simulation/SimulationServiceConnector;UnknownType ObjectPath();UnknownType ObjectPath();CreateObject
cs+class://OpenSim/Services/Connectors/Hypergrid/HGFriendsServicesConnector;cs+class://OpenSim/Services/Connectors/Friends/FriendsSimConnector;UnknownType ServicePath();UnknownType ServicePath();Call
cs+class://OpenSim/Services/Connectors/Hypergrid/UserAgentServiceConnector;cs+class://OpenSim/Services/Connectors/Simulation/SimulationServiceConnector;UnknownType AgentPath();UnknownType AgentPath();CreateAgent
cs+class://OpenSim/Services/Connectors/Hypergrid/UserAgentServiceConnector;cs+class://OpenSim/Services/Connectors/Simulation/SimulationServiceConnector;UnknownType PackData(UnknownType, GridRegion, AgentCircuitData, GridRegion, UnknownType);UnknownType PackData(UnknownType, GridRegion, AgentCircuitData, GridRegion, UnknownType);CreateAgent
cs+class://OpenSim/Services/Connectors/Hypergrid/UserAgentServiceConnector;cs+class://OpenSim/Services/Connectors/Simulation/SimulationServiceConnector;UnknownType AgentPath();UnknownType AgentPath();UpdateAgent
cs+class://OpenSim/Services/Connectors/Hypergrid/UserAgentServiceConnector;cs+class://OpenSim/Services/Connectors/Simulation/SimulationServiceConnector;UnknownType AgentPath();UnknownType AgentPath();UpdateAgent
cs+class://OpenSim/Services/Connectors/Hypergrid/UserAgentServiceConnector;cs+class://OpenSim/Services/Connectors/Simulation/SimulationServiceConnector;UnknownType AgentPath();UnknownType AgentPath();QueryAccess
cs+class://OpenSim/Services/Connectors/Hypergrid/UserAgentServiceConnector;cs+class://OpenSim/Services/Connectors/Simulation/SimulationServiceConnector;UnknownType AgentPath();UnknownType AgentPath();CloseAgent
cs+class://OpenSim/Services/HypergridService/HGAssetService;cs+class://OpenSim/Services/AssetService/AssetService;AssetBase Get(UnknownType);AssetBase Get(UnknownType);(field initializer)
cs+class://OpenSim/Services/HypergridService/HGAssetService;cs+class://OpenSim/Services/AssetService/AssetService;UnknownType Store(AssetBase);UnknownType Store(AssetBase);(field initializer)
cs+class://OpenSim/Services/HypergridService/HGAssetService;cs+class://OpenSim/Services/AssetService/AssetService;AssetBase Get(UnknownType);AssetBase Get(UnknownType);GetCached
cs+class://OpenSim/Services/HypergridService/HGAssetService;cs+class://OpenSim/Services/AssetService/AssetService;AssetBase Get(UnknownType);AssetBase Get(UnknownType);GetMetadata
cs+class://OpenSim/Services/HypergridService/HGAssetService;cs+class://OpenSim/Services/AssetService/AssetService;AssetBase Get(UnknownType);AssetBase Get(UnknownType);GetData
cs+class://OpenSim/Services/HypergridService/HGAssetService;cs+class://OpenSim/Services/AssetService/AssetService;AssetBase Get(UnknownType);AssetBase Get(UnknownType);Get
cs+class://OpenSim/Services/HypergridService/HGInventoryService;cs+class://OpenSim/Services/InventoryService/XInventoryService;InventoryFolderBase GetRootFolder(UnknownType);InventoryFolderBase GetRootFolder(UnknownType);CreateUserInventory
cs+class://OpenSim/Services/HypergridService/HGInventoryService;cs+class://OpenSim/Services/InventoryService/XInventoryService;InventoryFolderBase GetRootFolder(UnknownType);InventoryFolderBase GetRootFolder(UnknownType);GetFolderForType
cs+class://OpenSim/Services/HypergridService/HGInventoryService;cs+class://OpenSim/Services/InventoryService/XInventoryService;InventoryFolderBase GetRootFolder(UnknownType);InventoryFolderBase GetRootFolder(UnknownType);AddFolder
cs+class://OpenSim/Services/HypergridService/HGInventoryService;cs+class://OpenSim/Services/InventoryService/XInventoryService;InventoryItemBase GetItem(InventoryItemBase);InventoryItemBase GetItem(InventoryItemBase);UpdateItem
cs+class://OpenSim/Services/HypergridService/HGSuitcaseInventoryService;cs+class://OpenSim/Services/InventoryService/XInventoryService;InventoryFolderBase GetRootFolder(UnknownType);InventoryFolderBase GetRootFolder(UnknownType);CreateUserInventory
cs+class://OpenSim/Services/HypergridService/HGSuitcaseInventoryService;cs+class://OpenSim/Services/InventoryService/XInventoryService;InventoryFolderBase GetRootFolder(UnknownType);InventoryFolderBase GetRootFolder(UnknownType);GetFolderForType
cs+class://OpenSim/Services/HypergridService/HGSuitcaseInventoryService;cs+class://OpenSim/Services/InventoryService/XInventoryService;InventoryFolderBase GetFolder(InventoryFolderBase);InventoryFolderBase GetFolder(InventoryFolderBase);AddFolder
cs+class://OpenSim/Services/HypergridService/HGSuitcaseInventoryService;cs+class://OpenSim/Services/InventoryService/XInventoryService;InventoryFolderBase GetRootFolder(UnknownType);InventoryFolderBase GetRootFolder(UnknownType);AddFolder
cs+class://OpenSim/Services/HypergridService/HGSuitcaseInventoryService;cs+class://OpenSim/Services/InventoryService/XInventoryService;InventoryFolderBase GetFolder(InventoryFolderBase);InventoryFolderBase GetFolder(InventoryFolderBase);UpdateFolder
cs+class://OpenSim/Services/HypergridService/HGSuitcaseInventoryService;cs+class://OpenSim/Services/InventoryService/XInventoryService;UnknownType AddFolder(InventoryFolderBase);UnknownType AddFolder(InventoryFolderBase);UpdateFolder
cs+class://OpenSim/Services/HypergridService/HGSuitcaseInventoryService;cs+class://OpenSim/Services/InventoryService/XInventoryService;InventoryItemBase GetItem(InventoryItemBase);InventoryItemBase GetItem(InventoryItemBase);UpdateItem
cs+class://OpenSim/Tests/Common/Mock/TestScene;cs+class://OpenSim/Region/Framework/Scenes/Scene;UnknownType VerifyUserPresence(AgentCircuitData, UnknownType);UnknownType VerifyUserPresence(AgentCircuitData, UnknownType);NewUserConnection
cs+class://Amib/Threading/SmartThreadPool;cs+class://Amib/Threading/Internal/WorkItemsGroupBase;UnknownType Cancel(UnknownType);UnknownType Cancel(UnknownType);Cancel
cs+class://Amib/Threading/SmartThreadPool;cs+class://Amib/Threading/Internal/WorkItemsGroupBase;UnknownType WaitForIdle(UnknownType);UnknownType WaitForIdle(UnknownType);WaitForIdle
cs+class://Amib/Threading/SmartThreadPool;cs+class://Amib/Threading/Internal/WorkItemsGroupBase;UnknownType WaitForIdle(UnknownType);UnknownType WaitForIdle(UnknownType);WaitForIdle
cs+class://Amib/Threading/SmartThreadPool;cs+class://Amib/Threading/Internal/WorkItemsGroupBase;UnknownType Enqueue(WorkItem);UnknownType Enqueue(WorkItem);QueueWorkItem
cs+class://Amib/Threading/SmartThreadPool;cs+class://Amib/Threading/Internal/WorkItemsGroupBase;UnknownType PreQueueWorkItem();UnknownType PreQueueWorkItem();QueueWorkItem
cs+class://Amib/Threading/SmartThreadPool;cs+class://Amib/Threading/Internal/WorkItemsGroupBase;UnknownType Enqueue(WorkItem);UnknownType Enqueue(WorkItem);QueueWorkItem
cs+class://Amib/Threading/SmartThreadPool;cs+class://Amib/Threading/Internal/WorkItemsGroupBase;UnknownType PreQueueWorkItem();UnknownType PreQueueWorkItem();QueueWorkItem
cs+class://Amib/Threading/SmartThreadPool;cs+class://Amib/Threading/Internal/WorkItemsGroupBase;UnknownType Enqueue(WorkItem);UnknownType Enqueue(WorkItem);QueueWorkItem
cs+class://Amib/Threading/SmartThreadPool;cs+class://Amib/Threading/Internal/WorkItemsGroupBase;UnknownType Enqueue(WorkItem);UnknownType Enqueue(WorkItem);QueueWorkItem
cs+class://Amib/Threading/SmartThreadPool;cs+class://Amib/Threading/Internal/WorkItemsGroupBase;UnknownType PreQueueWorkItem();UnknownType PreQueueWorkItem();QueueWorkItem
cs+class://Amib/Threading/SmartThreadPool;cs+class://Amib/Threading/Internal/WorkItemsGroupBase;UnknownType Enqueue(WorkItem);UnknownType Enqueue(WorkItem);QueueWorkItem
cs+class://Amib/Threading/SmartThreadPool;cs+class://Amib/Threading/Internal/WorkItemsGroupBase;UnknownType PreQueueWorkItem();UnknownType PreQueueWorkItem();QueueWorkItem
cs+class://Amib/Threading/SmartThreadPool;cs+class://Amib/Threading/Internal/WorkItemsGroupBase;UnknownType Enqueue(WorkItem);UnknownType Enqueue(WorkItem);QueueWorkItem
cs+class://Amib/Threading/SmartThreadPool;cs+class://Amib/Threading/Internal/WorkItemsGroupBase;UnknownType PreQueueWorkItem();UnknownType PreQueueWorkItem();QueueWorkItem
cs+class://Amib/Threading/SmartThreadPool;cs+class://Amib/Threading/Internal/WorkItemsGroupBase;UnknownType Enqueue(WorkItem);UnknownType Enqueue(WorkItem);QueueWorkItem
cs+class://Amib/Threading/SmartThreadPool;cs+class://Amib/Threading/Internal/WorkItemsGroupBase;UnknownType PreQueueWorkItem();UnknownType PreQueueWorkItem();QueueWorkItem
cs+class://Amib/Threading/SmartThreadPool;cs+class://Amib/Threading/Internal/WorkItemsGroupBase;UnknownType Enqueue(WorkItem);UnknownType Enqueue(WorkItem);QueueWorkItem
cs+class://Amib/Threading/SmartThreadPool;cs+class://Amib/Threading/Internal/WorkItemsGroupBase;UnknownType PreQueueWorkItem();UnknownType PreQueueWorkItem();QueueWorkItem
cs+class://Amib/Threading/SmartThreadPool;cs+class://Amib/Threading/Internal/WorkItemsGroupBase;UnknownType Enqueue(WorkItem);UnknownType Enqueue(WorkItem);QueueWorkItem
cs+class://Amib/Threading/SmartThreadPool;cs+class://Amib/Threading/Internal/WorkItemsGroupBase;UnknownType PreQueueWorkItem();UnknownType PreQueueWorkItem();QueueWorkItem
cs+class://Amib/Threading/SmartThreadPool;cs+class://Amib/Threading/Internal/WorkItemsGroupBase;UnknownType Enqueue(WorkItem);UnknownType Enqueue(WorkItem);QueueWorkItem
cs+class://Amib/Threading/SmartThreadPool;cs+class://Amib/Threading/Internal/WorkItemsGroupBase;UnknownType PreQueueWorkItem();UnknownType PreQueueWorkItem();QueueWorkItem
cs+class://Amib/Threading/SmartThreadPool;cs+class://Amib/Threading/Internal/WorkItemsGroupBase;UnknownType Enqueue(WorkItem);UnknownType Enqueue(WorkItem);QueueWorkItem
cs+class://Amib/Threading/SmartThreadPool;cs+class://Amib/Threading/Internal/WorkItemsGroupBase;UnknownType PreQueueWorkItem();UnknownType PreQueueWorkItem();QueueWorkItem
cs+class://Amib/Threading/SmartThreadPool;cs+class://Amib/Threading/Internal/WorkItemsGroupBase;UnknownType Enqueue(WorkItem);UnknownType Enqueue(WorkItem);QueueWorkItem
cs+class://Amib/Threading/SmartThreadPool;cs+class://Amib/Threading/Internal/WorkItemsGroupBase;UnknownType PreQueueWorkItem();UnknownType PreQueueWorkItem();QueueWorkItem
cs+class://Amib/Threading/SmartThreadPool;cs+class://Amib/Threading/Internal/WorkItemsGroupBase;UnknownType Enqueue(WorkItem);UnknownType Enqueue(WorkItem);QueueWorkItem
cs+class://Amib/Threading/SmartThreadPool;cs+class://Amib/Threading/Internal/WorkItemsGroupBase;UnknownType PreQueueWorkItem();UnknownType PreQueueWorkItem();QueueWorkItem
cs+class://Amib/Threading/SmartThreadPool;cs+class://Amib/Threading/Internal/WorkItemsGroupBase;UnknownType Enqueue(WorkItem);UnknownType Enqueue(WorkItem);QueueWorkItem
cs+class://Amib/Threading/SmartThreadPool;cs+class://Amib/Threading/Internal/WorkItemsGroupBase;UnknownType PreQueueWorkItem();UnknownType PreQueueWorkItem();QueueWorkItem
cs+class://Amib/Threading/SmartThreadPool;cs+class://Amib/Threading/Internal/WorkItemsGroupBase;UnknownType Enqueue(WorkItem);UnknownType Enqueue(WorkItem);QueueWorkItem
cs+class://Amib/Threading/SmartThreadPool;cs+class://Amib/Threading/Internal/WorkItemsGroupBase;UnknownType PreQueueWorkItem();UnknownType PreQueueWorkItem();QueueWorkItem
cs+class://Amib/Threading/SmartThreadPool;cs+class://Amib/Threading/Internal/WorkItemsGroupBase;UnknownType Enqueue(WorkItem);UnknownType Enqueue(WorkItem);QueueWorkItem
cs+class://Amib/Threading/SmartThreadPool;cs+class://Amib/Threading/Internal/WorkItemsGroupBase;UnknownType PreQueueWorkItem();UnknownType PreQueueWorkItem();QueueWorkItem
cs+class://Amib/Threading/SmartThreadPool;cs+class://Amib/Threading/Internal/WorkItemsGroupBase;UnknownType Enqueue(WorkItem);UnknownType Enqueue(WorkItem);QueueWorkItem
cs+class://Amib/Threading/SmartThreadPool;cs+class://Amib/Threading/Internal/WorkItemsGroupBase;UnknownType PreQueueWorkItem();UnknownType PreQueueWorkItem();QueueWorkItem
cs+class://Amib/Threading/SmartThreadPool;cs+class://Amib/Threading/Internal/WorkItemsGroupBase;UnknownType Enqueue(WorkItem);UnknownType Enqueue(WorkItem);QueueWorkItem
cs+class://Amib/Threading/SmartThreadPool;cs+class://Amib/Threading/Internal/WorkItemsGroupBase;UnknownType PreQueueWorkItem();UnknownType PreQueueWorkItem();QueueWorkItem
cs+class://Amib/Threading/SmartThreadPool;cs+class://Amib/Threading/Internal/WorkItemsGroupBase;UnknownType Enqueue(WorkItem);UnknownType Enqueue(WorkItem);QueueWorkItem
cs+class://Amib/Threading/SmartThreadPool;cs+class://Amib/Threading/Internal/WorkItemsGroupBase;UnknownType PreQueueWorkItem();UnknownType PreQueueWorkItem();QueueWorkItem
cs+class://Amib/Threading/SmartThreadPool;cs+class://Amib/Threading/Internal/WorkItemsGroupBase;UnknownType Enqueue(WorkItem);UnknownType Enqueue(WorkItem);QueueWorkItem
cs+class://Amib/Threading/Internal/WorkItemsGroup;cs+class://Amib/Threading/Internal/WorkItemsGroupBase;UnknownType Cancel(UnknownType);UnknownType Cancel(UnknownType);Cancel
cs+class://Amib/Threading/Internal/WorkItemsGroup;cs+class://Amib/Threading/Internal/WorkItemsGroupBase;UnknownType WaitForIdle(UnknownType);UnknownType WaitForIdle(UnknownType);WaitForIdle
cs+class://Amib/Threading/Internal/WorkItemsGroup;cs+class://Amib/Threading/Internal/WorkItemsGroupBase;UnknownType WaitForIdle(UnknownType);UnknownType WaitForIdle(UnknownType);WaitForIdle
cs+class://Amib/Threading/Internal/WorkItemsGroup;cs+class://Amib/Threading/Internal/WorkItemsGroupBase;UnknownType Enqueue(WorkItem);UnknownType Enqueue(WorkItem);QueueWorkItem
cs+class://Amib/Threading/Internal/WorkItemsGroup;cs+class://Amib/Threading/Internal/WorkItemsGroupBase;UnknownType Enqueue(WorkItem);UnknownType Enqueue(WorkItem);QueueWorkItem
cs+class://Amib/Threading/Internal/WorkItemsGroup;cs+class://Amib/Threading/Internal/WorkItemsGroupBase;UnknownType Enqueue(WorkItem);UnknownType Enqueue(WorkItem);QueueWorkItem
cs+class://Amib/Threading/Internal/WorkItemsGroup;cs+class://Amib/Threading/Internal/WorkItemsGroupBase;UnknownType Enqueue(WorkItem);UnknownType Enqueue(WorkItem);QueueWorkItem
cs+class://Amib/Threading/Internal/WorkItemsGroup;cs+class://Amib/Threading/Internal/WorkItemsGroupBase;UnknownType Enqueue(WorkItem);UnknownType Enqueue(WorkItem);QueueWorkItem
cs+class://Amib/Threading/Internal/WorkItemsGroup;cs+class://Amib/Threading/Internal/WorkItemsGroupBase;UnknownType Enqueue(WorkItem);UnknownType Enqueue(WorkItem);QueueWorkItem
cs+class://Amib/Threading/Internal/WorkItemsGroup;cs+class://Amib/Threading/Internal/WorkItemsGroupBase;UnknownType Enqueue(WorkItem);UnknownType Enqueue(WorkItem);QueueWorkItem
cs+class://Amib/Threading/Internal/WorkItemsGroup;cs+class://Amib/Threading/Internal/WorkItemsGroupBase;UnknownType Enqueue(WorkItem);UnknownType Enqueue(WorkItem);QueueWorkItem
cs+class://Amib/Threading/Internal/WorkItemsGroup;cs+class://Amib/Threading/Internal/WorkItemsGroupBase;UnknownType Enqueue(WorkItem);UnknownType Enqueue(WorkItem);QueueWorkItem
cs+class://Amib/Threading/Internal/WorkItemsGroup;cs+class://Amib/Threading/Internal/WorkItemsGroupBase;UnknownType Enqueue(WorkItem);UnknownType Enqueue(WorkItem);QueueWorkItem
cs+class://Amib/Threading/Internal/WorkItemsGroup;cs+class://Amib/Threading/Internal/WorkItemsGroupBase;UnknownType Enqueue(WorkItem);UnknownType Enqueue(WorkItem);QueueWorkItem
cs+class://Amib/Threading/Internal/WorkItemsGroup;cs+class://Amib/Threading/Internal/WorkItemsGroupBase;UnknownType Enqueue(WorkItem);UnknownType Enqueue(WorkItem);QueueWorkItem
cs+class://Amib/Threading/Internal/WorkItemsGroup;cs+class://Amib/Threading/Internal/WorkItemsGroupBase;UnknownType Enqueue(WorkItem);UnknownType Enqueue(WorkItem);QueueWorkItem
cs+class://Amib/Threading/Internal/WorkItemsGroup;cs+class://Amib/Threading/Internal/WorkItemsGroupBase;UnknownType Enqueue(WorkItem);UnknownType Enqueue(WorkItem);QueueWorkItem
cs+class://Amib/Threading/Internal/WorkItemsGroup;cs+class://Amib/Threading/Internal/WorkItemsGroupBase;UnknownType Enqueue(WorkItem);UnknownType Enqueue(WorkItem);QueueWorkItem
cs+class://Amib/Threading/Internal/WorkItemsGroup;cs+class://Amib/Threading/Internal/WorkItemsGroupBase;UnknownType Enqueue(WorkItem);UnknownType Enqueue(WorkItem);QueueWorkItem
cs+class://Amib/Threading/Internal/WorkItemsGroup;cs+class://Amib/Threading/Internal/WorkItemsGroupBase;UnknownType Enqueue(WorkItem);UnknownType Enqueue(WorkItem);QueueWorkItem
cs+class://Amib/Threading/Internal/WorkItemsGroup;cs+class://Amib/Threading/Internal/WorkItemsGroupBase;UnknownType Enqueue(WorkItem);UnknownType Enqueue(WorkItem);QueueWorkItem
cs+class://Amib/Threading/Internal/WorkItemsGroup;cs+class://Amib/Threading/Internal/WorkItemsGroupBase;UnknownType Enqueue(WorkItem);UnknownType Enqueue(WorkItem);QueueWorkItem
cs+class://Amib/Threading/Internal/WorkItemsGroup;cs+class://Amib/Threading/Internal/WorkItemsGroupBase;UnknownType Enqueue(WorkItem);UnknownType Enqueue(WorkItem);QueueWorkItem
